Rk,Player,WAR,G,PA,AB,R,H,2B,3B,HR,RBI,SB,CS,BB,SO,BA,OBP,SLG,OPS,OPS+,rOBA,Rbat+,TB,Player-additional
1,Mookie Betts,8.3,152,693.0,584.0,126,179.0,40,1,39.0,107.0,14,3,96,107,.307,0.408,0.579,0.987,165,.424,167,338,bettsmo01
2,Ronald Acuña Jr.,8.2,159,735.0,643.0,149,217.0,35,4,41.0,106.0,73,14,80,84,.337,0.416,0.596,1.012,171,.444,173,383,acunaro01
3,Matt Olson*,7.4,162,720.0,608.0,127,172.0,27,3,54.0,139.0,1,0,104,167,.283,0.389,0.604,0.993,164,.415,161,367,olsonma02
4,Marcus Semien,7.4,162,753.0,670.0,122,185.0,40,4,29.0,100.0,14,3,72,110,.276,0.348,0.478,0.826,126,.364,127,320,semiema01
5,Corey Seager*,6.9,119,536.0,477.0,88,156.0,42,0,33.0,96.0,2,1,49,88,.327,0.39,0.623,1.013,174,.419,169,297,seageco01
6,Freddie Freeman*,6.5,161,730.0,637.0,131,211.0,59,2,29.0,102.0,23,1,72,121,.331,0.41,0.567,0.976,163,.425,165,361,freemfr01
7,Gunnar Henderson*,6.2,150,622.0,560.0,100,143.0,29,9,28.0,82.0,10,3,56,159,.255,0.325,0.489,0.814,125,.349,125,274,hendegu01
8,Shohei Ohtani*,6.0,135,599.0,497.0,102,151.0,26,8,44.0,95.0,20,6,91,143,.304,0.412,0.654,1.066,185,.435,180,325,ohtansh01
9,Francisco Lindor#,6.0,160,687.0,602.0,108,153.0,33,2,31.0,98.0,31,4,66,137,.254,0.336,0.47,0.806,121,.355,119,283,lindofr01
10,Austin Riley,5.9,159,715.0,636.0,117,179.0,32,3,37.0,97.0,3,1,59,172,.281,0.345,0.516,0.861,130,.367,127,328,rileyau01
11,Ha-Seong Kim,5.8,152,626.0,538.0,84,140.0,23,0,17.0,60.0,38,9,75,124,.260,0.351,0.398,0.749,107,.348,118,214,kimha01
12,Wander Franco#,5.5,112,491.0,442.0,65,124.0,23,6,17.0,58.0,30,10,42,69,.281,0.344,0.475,0.819,125,.367,133,210,francwa01
13,Fernando Tatis Jr.,5.5,141,635.0,575.0,91,148.0,33,1,25.0,78.0,29,4,53,141,.257,0.322,0.449,0.77,110,.347,117,258,tatisfe02
14,Juan Soto*,5.5,162,708.0,568.0,97,156.0,32,1,35.0,109.0,12,5,132,129,.275,0.41,0.519,0.93,155,.398,159,295,sotoju01
15,Corbin Carroll*,5.4,155,645.0,565.0,116,161.0,30,10,25.0,76.0,54,5,57,125,.285,0.362,0.506,0.868,133,.387,134,286,carroco02
16,Kyle Tucker*,5.4,157,674.0,574.0,97,163.0,37,5,29.0,112.0,30,5,80,92,.284,0.369,0.517,0.886,142,.381,141,297,tuckeky01
17,Andrés Giménez*,5.3,153,616.0,557.0,76,140.0,27,5,15.0,62.0,30,6,32,112,.251,0.314,0.399,0.712,96,.318,98,222,gimenan01
18,Julio Rodríguez,5.3,155,714.0,654.0,102,180.0,37,2,32.0,103.0,37,10,47,175,.275,0.333,0.485,0.818,130,.359,131,317,rodriju01
19,Yandy Díaz,5.2,137,600.0,525.0,95,173.0,35,0,22.0,78.0,0,1,65,94,.330,0.41,0.522,0.932,157,.399,160,274,diazya01
20,J.P. Crawford*,5.1,145,638.0,534.0,94,142.0,35,0,19.0,65.0,2,0,94,125,.266,0.38,0.438,0.818,133,.362,136,234,crawfjp01
21,José Ramírez#,5.1,156,691.0,611.0,87,172.0,36,5,24.0,80.0,28,6,73,73,.282,0.356,0.475,0.831,128,.357,128,290,ramirjo01
22,Nico Hoerner,5.1,150,688.0,619.0,98,175.0,27,4,9.0,68.0,43,7,49,83,.283,0.346,0.383,0.729,102,.344,104,237,hoernni01
23,Luis Robert Jr.,5.0,145,595.0,546.0,90,144.0,36,1,38.0,80.0,20,4,30,172,.264,0.315,0.542,0.857,130,.363,126,296,roberlu01
24,Ketel Marte#,4.9,150,650.0,569.0,94,157.0,26,9,25.0,82.0,8,2,71,109,.276,0.358,0.485,0.844,127,.366,129,276,marteke01
25,Bo Bichette,4.9,135,601.0,571.0,69,175.0,30,3,20.0,73.0,5,3,27,115,.306,0.339,0.475,0.814,122,.355,127,271,bichebo01
26,Luis Arráez*,4.9,147,617.0,574.0,71,203.0,30,3,10.0,69.0,3,2,35,34,.354,0.393,0.469,0.861,128,.373,134,269,arraelu01
27,Alex Bregman,4.9,161,724.0,622.0,103,163.0,28,4,25.0,98.0,3,1,92,87,.262,0.363,0.441,0.804,122,.354,124,274,bregmal01
28,Dansby Swanson,4.8,147,638.0,565.0,81,138.0,25,3,22.0,80.0,9,1,66,154,.244,0.328,0.416,0.744,104,.328,97,235,swansda01
29,Ozzie Albies#,4.7,148,660.0,596.0,96,167.0,30,5,33.0,109.0,13,1,46,107,.280,0.336,0.513,0.849,126,.362,120,306,albieoz01
30,Yordan Alvarez*,4.6,114,496.0,410.0,77,120.0,24,1,31.0,97.0,0,0,69,92,.293,0.407,0.583,0.99,170,.419,172,239,alvaryo01
31,Aaron Judge,4.5,106,458.0,367.0,79,98.0,16,0,37.0,75.0,3,1,88,130,.267,0.406,0.613,1.019,175,.421,172,225,judgeaa01
32,Xander Bogaerts,4.4,155,665.0,596.0,83,170.0,31,2,19.0,58.0,19,2,56,110,.285,0.35,0.44,0.79,117,.349,120,262,bogaexa01
33,Matt Chapman,4.4,140,581.0,509.0,66,122.0,39,2,17.0,54.0,4,2,62,165,.240,0.33,0.424,0.755,107,.333,111,216,chapmma01
34,Bobby Witt Jr.,4.4,158,694.0,641.0,97,177.0,28,11,30.0,96.0,49,15,40,121,.276,0.319,0.495,0.813,118,.348,116,317,wittbo02
35,Cody Bellinger*,4.4,130,556.0,499.0,95,153.0,29,1,26.0,97.0,20,6,40,87,.307,0.356,0.525,0.881,139,.382,135,262,bellico01
36,Gabriel Moreno,4.3,111,380.0,341.0,33,97.0,19,1,7.0,50.0,6,2,29,75,.284,0.339,0.408,0.747,103,.332,105,139,morenga01
37,Adley Rutschman#,4.3,154,687.0,588.0,84,163.0,31,1,20.0,80.0,1,2,92,101,.277,0.374,0.435,0.809,128,.350,127,256,rutscad01
38,Nolan Jones*,4.3,106,424.0,367.0,60,109.0,22,4,20.0,62.0,20,4,53,126,.297,0.389,0.542,0.931,140,.404,140,199,jonesno01
39,Bryson Stott*,4.3,151,640.0,585.0,78,164.0,32,2,15.0,62.0,31,3,39,100,.280,0.329,0.419,0.747,103,.339,106,245,stottbr01
40,Adolis García,4.2,148,632.0,555.0,108,136.0,29,0,39.0,107.0,9,1,65,175,.245,0.328,0.508,0.836,127,.360,123,282,garciad02
41,Isaac Paredes,4.2,143,571.0,492.0,71,123.0,24,0,31.0,98.0,1,0,58,104,.250,0.352,0.488,0.84,130,.367,136,240,paredis01
42,Will Smith,4.1,126,554.0,464.0,80,121.0,21,2,19.0,76.0,3,0,63,89,.261,0.359,0.438,0.797,116,.349,114,203,smithwi05
43,Ke'Bryan Hayes,4.0,124,525.0,494.0,65,134.0,31,7,15.0,61.0,10,6,28,104,.271,0.309,0.453,0.762,103,.324,101,224,hayeske01
44,Sean Murphy,3.9,108,438.0,370.0,65,93.0,21,0,21.0,68.0,0,0,49,98,.251,0.365,0.478,0.844,127,.371,129,177,murphse01
45,Brandon Nimmo*,3.9,152,682.0,592.0,89,162.0,30,6,24.0,68.0,3,3,74,146,.274,0.363,0.466,0.829,128,.362,130,276,nimmobr01
46,Daulton Varsho*,3.9,158,581.0,527.0,65,116.0,23,3,20.0,61.0,16,7,45,135,.220,0.285,0.389,0.674,84,.299,87,205,varshda01
47,Kevin Kiermaier*,3.9,129,408.0,370.0,58,98.0,21,6,8.0,36.0,14,1,29,86,.265,0.322,0.419,0.741,103,.330,104,155,kiermke01
48,Jeremy Peña,3.8,150,634.0,577.0,81,152.0,32,3,10.0,52.0,13,9,43,129,.263,0.324,0.381,0.705,95,.315,99,220,penaje02
49,TJ Friedl*,3.8,138,556.0,488.0,73,136.0,22,8,18.0,66.0,27,6,47,90,.279,0.352,0.467,0.819,117,.363,120,228,friedtj01
50,Christian Walker,3.8,157,661.0,582.0,86,150.0,36,2,33.0,103.0,11,0,62,127,.258,0.333,0.497,0.83,122,.356,120,289,walkech02
51,William Contreras,3.8,141,611.0,540.0,86,156.0,38,1,17.0,78.0,6,1,63,126,.289,0.367,0.457,0.825,124,.362,127,247,contrwi02
52,Josh Lowe*,3.7,135,501.0,466.0,71,136.0,33,2,20.0,83.0,32,3,31,124,.292,0.335,0.5,0.835,128,.370,130,233,lowejo01
53,Bryce Harper*,3.7,126,546.0,457.0,84,134.0,29,1,21.0,72.0,11,3,80,119,.293,0.401,0.499,0.9,145,.387,145,228,harpebr03
54,Matt McLain,3.7,89,403.0,365.0,65,106.0,23,4,16.0,50.0,14,5,31,115,.290,0.357,0.507,0.864,127,.381,135,185,mclaima01
55,Chas McCormick,3.6,115,457.0,403.0,59,110.0,17,2,22.0,70.0,19,6,40,117,.273,0.353,0.489,0.842,130,.367,132,197,mccorch01
56,Christian Yelich*,3.6,144,632.0,550.0,106,153.0,34,1,19.0,76.0,28,3,78,140,.278,0.37,0.447,0.818,123,.366,126,246,yelicch01
57,J.T. Realmuto,3.6,135,540.0,489.0,70,123.0,28,5,20.0,63.0,16,5,35,138,.252,0.31,0.452,0.762,105,.339,110,221,realmjt01
58,Steven Kwan*,3.6,158,718.0,638.0,93,171.0,36,7,5.0,54.0,21,3,70,75,.268,0.34,0.37,0.71,97,.319,100,236,kwanst01
59,Randy Arozarena,3.5,151,654.0,551.0,95,140.0,19,3,23.0,83.0,22,10,80,156,.254,0.364,0.425,0.789,119,.351,125,234,arozara01
60,Rafael Devers*,3.5,153,656.0,580.0,90,157.0,34,0,33.0,100.0,5,1,62,126,.271,0.351,0.5,0.851,126,.365,126,290,deverra01
61,Brandon Marsh*,3.4,133,472.0,404.0,58,112.0,25,6,12.0,60.0,10,2,59,144,.277,0.372,0.458,0.829,126,.367,130,185,marshbr02
62,Michael Harris II*,3.4,138,539.0,505.0,76,148.0,33,3,18.0,57.0,20,4,25,101,.293,0.331,0.477,0.808,116,.351,112,241,harrimi04
63,Trea Turner,3.4,155,691.0,639.0,102,170.0,35,5,26.0,76.0,30,0,45,150,.266,0.32,0.459,0.778,110,.349,112,293,turnetr01
64,Willson Contreras,3.4,125,495.0,428.0,55,113.0,27,0,20.0,67.0,6,3,51,111,.264,0.358,0.467,0.826,123,.368,132,200,contrwi01
65,Paul Goldschmidt,3.4,154,687.0,593.0,89,159.0,31,0,25.0,80.0,11,2,87,161,.268,0.363,0.447,0.81,120,.355,120,265,goldspa01
66,CJ Abrams*,3.4,151,614.0,563.0,83,138.0,28,6,18.0,64.0,47,4,32,118,.245,0.3,0.412,0.712,96,.324,93,232,abramcj01
67,Lars Nootbaar*,3.3,117,503.0,426.0,74,111.0,23,1,14.0,46.0,11,1,72,99,.261,0.367,0.418,0.784,114,.354,119,178,nootbla01
68,Lane Thomas,3.3,156,682.0,628.0,101,168.0,36,3,28.0,86.0,20,5,36,176,.268,0.315,0.468,0.783,115,.343,115,294,thomala02
69,Marcell Ozuna,3.3,144,592.0,530.0,84,145.0,29,1,40.0,100.0,0,0,57,134,.274,0.346,0.558,0.905,140,.384,139,296,ozunama01
70,James Outman*,3.3,151,567.0,483.0,86,120.0,16,3,23.0,70.0,16,3,68,181,.248,0.353,0.437,0.79,114,.349,112,211,outmaja01
71,Ryan Jeffers,3.3,96,335.0,286.0,46,79.0,15,2,14.0,43.0,3,2,33,93,.276,0.369,0.49,0.858,133,.368,135,140,jeffery01
72,Anthony Volpe,3.3,159,601.0,541.0,62,113.0,23,4,21.0,60.0,24,5,52,167,.209,0.283,0.383,0.666,81,.299,80,207,volpean01
73,Cal Raleigh#,3.2,145,569.0,513.0,78,119.0,23,1,30.0,75.0,0,0,54,158,.232,0.306,0.456,0.762,114,.331,113,234,raleica01
74,Yainer Diaz,3.2,104,377.0,355.0,51,100.0,22,0,23.0,60.0,0,0,11,74,.282,0.308,0.538,0.846,128,.363,131,191,diazya02
75,Pete Alonso,3.2,154,658.0,568.0,92,123.0,21,2,46.0,118.0,4,1,65,151,.217,0.318,0.504,0.821,123,.351,121,286,alonspe01
76,Anthony Santander#,3.0,153,656.0,591.0,81,152.0,41,1,28.0,95.0,5,1,55,152,.257,0.325,0.472,0.797,121,.341,119,279,santaan02
77,Ian Happ#,3.0,158,691.0,580.0,86,144.0,35,4,21.0,84.0,14,3,99,153,.248,0.36,0.431,0.791,118,.351,114,250,happia01
78,Willy Adames,3.0,149,638.0,553.0,73,120.0,29,2,24.0,80.0,5,3,71,165,.217,0.31,0.407,0.717,94,.313,94,225,adamewi01
79,Lourdes Gurriel Jr.,3.0,145,592.0,551.0,65,144.0,35,2,24.0,82.0,5,0,33,103,.261,0.309,0.463,0.772,107,.333,105,255,gurrilo01
80,Ryan McMahon*,2.9,152,627.0,555.0,80,133.0,31,3,23.0,70.0,5,5,68,198,.240,0.322,0.431,0.753,94,.326,90,239,mcmahry01
81,Gleyber Torres,2.9,158,672.0,596.0,90,163.0,28,2,25.0,68.0,13,6,67,98,.273,0.347,0.453,0.8,118,.344,116,270,torregl01
82,Spencer Steer,2.9,156,665.0,582.0,74,158.0,37,3,23.0,86.0,15,3,68,139,.271,0.356,0.464,0.82,117,.360,120,270,steersp01
83,Manny Machado,2.9,138,601.0,543.0,75,140.0,21,0,30.0,91.0,3,2,50,109,.258,0.319,0.462,0.782,113,.337,115,251,machama01
84,Jeimer Candelario#,2.9,140,576.0,505.0,77,127.0,39,3,22.0,70.0,8,1,53,127,.251,0.336,0.471,0.807,121,.353,121,238,candeje01
85,Mike Trout,2.9,82,362.0,308.0,54,81.0,14,1,18.0,44.0,2,0,45,104,.263,0.367,0.49,0.858,132,.366,129,151,troutmi01
86,Jonah Heim#,2.9,131,501.0,457.0,61,118.0,28,0,18.0,95.0,2,0,40,96,.258,0.317,0.438,0.755,106,.329,103,200,heimjo01
87,Max Kepler*,2.9,130,491.0,438.0,72,114.0,22,2,24.0,66.0,1,1,45,106,.260,0.332,0.484,0.816,120,.353,124,212,keplema01
88,Seiya Suzuki,2.8,138,583.0,515.0,75,147.0,31,6,20.0,74.0,6,7,59,130,.285,0.357,0.485,0.842,130,.357,122,250,suzukse01
89,Jose Altuve,2.8,90,410.0,360.0,76,112.0,21,2,17.0,51.0,14,2,44,71,.311,0.393,0.522,0.915,151,.396,151,188,altuvjo01
90,Cedric Mullins*,2.8,116,455.0,404.0,51,94.0,23,3,15.0,74.0,19,3,43,101,.233,0.305,0.416,0.721,101,.316,97,168,mullice01
91,Luke Raley*,2.8,118,406.0,357.0,56,89.0,23,3,19.0,49.0,14,3,28,128,.249,0.333,0.49,0.824,125,.358,127,175,raleylu01
92,Mauricio Dubón,2.7,132,492.0,467.0,76,130.0,26,3,10.0,46.0,7,2,19,70,.278,0.309,0.411,0.72,97,.324,103,192,dubonma01
93,Willi Castro#,2.7,124,409.0,358.0,60,92.0,18,5,9.0,34.0,33,5,34,99,.257,0.339,0.411,0.75,105,.341,106,147,castrwi01
94,Carlos Santana#,2.7,146,619.0,550.0,78,132.0,33,1,23.0,86.0,6,0,65,104,.240,0.318,0.429,0.747,101,.331,104,236,santaca01
95,LaMonte Wade Jr.*,2.7,135,519.0,429.0,64,110.0,14,2,17.0,45.0,2,0,76,95,.256,0.373,0.417,0.79,120,.355,125,179,wadela01
96,Max Muncy*,2.6,135,579.0,482.0,95,102.0,17,1,36.0,105.0,1,2,85,153,.212,0.333,0.475,0.808,117,.345,113,229,muncyma01
97,Wilmer Flores,2.6,126,454.0,405.0,51,115.0,22,0,23.0,60.0,0,0,41,63,.284,0.355,0.509,0.863,137,.369,135,206,florewi01
98,Edouard Julien*,2.6,109,408.0,338.0,60,89.0,16,1,16.0,37.0,3,0,64,128,.263,0.381,0.459,0.839,130,.366,131,155,julieed01
99,Zack Gelof,2.6,69,300.0,270.0,40,72.0,20,1,14.0,32.0,14,2,26,82,.267,0.337,0.504,0.84,134,.361,134,136,gelofza01
100,Alex Verdugo*,2.6,142,602.0,546.0,81,144.0,37,5,13.0,54.0,5,3,45,93,.264,0.324,0.421,0.745,100,.324,98,230,verdual01
101,Leody Taveras#,2.6,143,554.0,511.0,67,136.0,31,3,14.0,67.0,14,4,35,117,.266,0.312,0.421,0.733,101,.321,96,215,taverle01
102,Nathaniel Lowe*,2.6,161,724.0,623.0,89,163.0,38,3,17.0,82.0,1,0,93,165,.262,0.36,0.414,0.775,114,.344,113,258,lowena01
103,Austin Hays,2.5,144,566.0,520.0,76,143.0,36,2,16.0,67.0,5,1,38,141,.275,0.325,0.444,0.769,114,.330,111,231,haysau01
104,Jake Burger,2.5,141,540.0,492.0,71,123.0,28,1,34.0,80.0,1,1,32,149,.250,0.309,0.518,0.828,119,.354,121,255,burgeja01
105,Johan Rojas,2.5,59,164.0,149.0,24,45.0,9,2,2.0,23.0,14,1,5,42,.302,0.342,0.43,0.771,110,.347,106,64,rojasjo03
106,Ezequiel Tovar,2.5,153,615.0,581.0,79,147.0,37,4,15.0,73.0,11,5,25,166,.253,0.287,0.408,0.695,79,.305,74,237,tovarez01
107,Josh Naylor*,2.5,121,495.0,452.0,52,139.0,31,0,17.0,97.0,10,3,33,68,.308,0.354,0.489,0.842,130,.357,130,221,naylojo01
108,Royce Lewis,2.4,58,239.0,217.0,36,67.0,7,0,15.0,52.0,6,1,20,55,.309,0.372,0.548,0.921,149,.393,149,119,lewisro02
109,Nolan Gorman*,2.4,119,464.0,406.0,59,96.0,17,0,27.0,76.0,7,2,53,148,.236,0.328,0.478,0.805,116,.347,115,194,gormano01
110,Bryan Reynolds#,2.4,145,640.0,574.0,85,151.0,31,5,24.0,84.0,12,1,53,138,.263,0.33,0.46,0.79,111,.343,111,264,reynobr01
111,Mike Tauchman*,2.4,108,401.0,337.0,64,85.0,18,0,8.0,48.0,7,1,56,86,.252,0.363,0.377,0.739,105,.342,107,127,tauchmi01
112,Jon Berti,2.4,133,424.0,388.0,53,114.0,16,3,7.0,33.0,16,6,29,77,.294,0.344,0.405,0.748,98,.331,102,157,bertijo01
113,José Caballero,2.4,104,280.0,231.0,37,51.0,9,1,4.0,26.0,26,3,28,66,.221,0.343,0.32,0.663,92,.323,96,74,cabaljo01
114,Nolan Arenado,2.4,144,612.0,560.0,71,149.0,26,2,26.0,93.0,3,3,41,101,.266,0.315,0.459,0.774,108,.335,109,257,arenano01
115,Josh Jung,2.4,122,515.0,478.0,75,127.0,25,1,23.0,70.0,1,3,30,151,.266,0.315,0.467,0.781,113,.334,108,223,jungjo01
116,Gary Sánchez,2.4,75,267.0,240.0,33,52.0,9,0,19.0,47.0,0,0,21,67,.217,0.288,0.492,0.78,110,.337,115,118,sanchga02
117,Mike Yastrzemski*,2.4,106,381.0,330.0,54,77.0,23,1,15.0,43.0,2,2,45,99,.233,0.33,0.445,0.775,114,.333,111,147,yastrmi01
118,Jeff McNeil*,2.4,156,648.0,585.0,75,158.0,25,4,10.0,55.0,10,0,39,65,.270,0.333,0.378,0.711,97,.320,97,221,mcneije01
119,Eugenio Suárez,2.3,162,694.0,598.0,68,139.0,29,0,22.0,96.0,2,1,70,214,.232,0.323,0.391,0.714,103,.315,103,234,suareeu01
120,Ryan Noda*,2.3,128,495.0,406.0,63,93.0,22,1,16.0,54.0,3,1,77,170,.229,0.364,0.406,0.77,118,.340,124,165,nodary01
121,Geraldo Perdomo#,2.3,144,495.0,407.0,71,100.0,20,4,6.0,47.0,16,4,64,86,.246,0.353,0.359,0.712,95,.323,97,146,perdoge01
122,Thairo Estrada,2.3,120,530.0,495.0,63,134.0,26,2,14.0,49.0,23,7,22,120,.271,0.315,0.416,0.731,102,.325,101,206,estrath01
123,Triston Casas*,2.2,132,502.0,429.0,66,113.0,21,2,24.0,65.0,0,0,70,126,.263,0.367,0.49,0.856,129,.369,130,210,casastr01
124,Jack Suwinski*,2.2,144,534.0,447.0,63,100.0,21,2,26.0,74.0,13,2,75,172,.224,0.339,0.454,0.793,113,.349,115,203,suwinja01
125,Brent Rooker,2.2,137,526.0,463.0,61,114.0,20,1,30.0,69.0,4,0,49,172,.246,0.329,0.488,0.817,127,.351,131,226,rookebr01
126,Matt Wallner*,2.2,76,254.0,213.0,42,53.0,11,1,14.0,41.0,2,1,28,80,.249,0.37,0.507,0.877,138,.386,147,108,wallnma01
127,Connor Wong,2.2,126,403.0,371.0,55,87.0,25,2,9.0,36.0,8,2,22,134,.235,0.288,0.385,0.673,80,.299,78,143,wongco01
128,Mickey Moniak*,2.2,85,323.0,311.0,35,87.0,21,2,14.0,45.0,6,3,9,113,.280,0.307,0.495,0.802,114,.339,111,154,moniami01
129,Mark Canha,2.2,139,507.0,435.0,51,114.0,25,1,11.0,62.0,11,1,49,79,.262,0.355,0.4,0.755,108,.340,111,174,canhama01
130,Mitch Garver,2.1,87,344.0,296.0,45,80.0,11,0,19.0,50.0,0,0,44,82,.270,0.37,0.5,0.87,138,.381,140,148,garvemi01
131,Teoscar Hernández,2.1,160,678.0,625.0,70,161.0,29,2,26.0,93.0,7,2,38,211,.258,0.305,0.435,0.741,108,.318,104,272,hernate01
132,Tommy Edman#,2.1,137,528.0,479.0,69,119.0,25,4,13.0,47.0,27,4,35,84,.248,0.307,0.399,0.705,91,.319,91,191,edmanto01
133,Justin Turner,2.1,146,626.0,558.0,86,154.0,31,0,23.0,96.0,4,1,51,110,.276,0.345,0.455,0.8,114,.350,116,254,turneju01
134,Jarren Duran*,2.1,102,362.0,332.0,46,98.0,34,2,8.0,40.0,24,2,24,90,.295,0.346,0.482,0.828,121,.366,119,160,duranja01
135,Brandon Lowe*,2.1,109,436.0,377.0,58,87.0,15,1,21.0,68.0,7,0,50,119,.231,0.328,0.443,0.771,112,.340,114,167,lowebr01
136,George Springer,2.1,154,683.0,613.0,87,158.0,25,1,21.0,72.0,20,5,60,125,.258,0.327,0.405,0.732,102,.327,105,248,springe01
137,Ryan Mountcastle,2.1,115,470.0,423.0,64,114.0,21,1,18.0,68.0,3,1,37,107,.270,0.328,0.452,0.779,117,.335,116,191,mountry01
138,Harold Ramírez,2.1,122,434.0,400.0,58,125.0,19,2,12.0,68.0,5,3,22,79,.313,0.353,0.46,0.813,124,.356,129,184,ramirha02
139,Kyle Isbel*,2.1,91,313.0,292.0,45,70.0,22,2,5.0,34.0,7,1,17,59,.240,0.282,0.38,0.662,79,.289,75,111,isbelky01
140,Jared Triolo,2.1,54,209.0,181.0,30,54.0,9,0,3.0,21.0,6,1,24,63,.298,0.388,0.398,0.785,114,.367,128,72,triolja01
141,Brandon Belt*,2.0,103,404.0,339.0,53,86.0,23,0,19.0,43.0,0,0,61,141,.254,0.369,0.49,0.858,135,.373,139,166,beltbr01
142,Jarred Kelenic*,2.0,105,416.0,372.0,44,94.0,25,2,11.0,49.0,13,5,41,132,.253,0.327,0.419,0.746,111,.327,110,156,kelenja01
143,Taylor Walls#,2.0,99,349.0,303.0,50,61.0,12,2,8.0,36.0,22,1,44,92,.201,0.305,0.333,0.638,78,.302,80,101,wallsta01
144,Trent Grisham*,2.0,153,555.0,469.0,67,93.0,31,1,13.0,50.0,15,3,75,154,.198,0.315,0.352,0.666,84,.309,92,165,grishtr01
145,Vladimir Guerrero Jr.,2.0,156,682.0,602.0,78,159.0,30,0,26.0,94.0,5,3,67,100,.264,0.345,0.444,0.788,116,.346,121,267,guerrvl02
146,Andy Ibáñez,2.0,114,383.0,356.0,42,94.0,23,2,11.0,41.0,1,0,24,69,.264,0.312,0.433,0.744,103,.320,98,154,ibanean01
147,Jorge Polanco#,2.0,80,343.0,302.0,38,77.0,18,0,14.0,48.0,4,0,36,88,.255,0.335,0.454,0.789,114,.341,112,137,polanjo01
148,Kerry Carpenter*,1.9,118,459.0,418.0,57,116.0,17,2,20.0,64.0,6,0,32,115,.278,0.34,0.471,0.811,122,.351,118,197,carpeke01
149,Alejandro Kirk,1.9,123,422.0,372.0,34,93.0,16,0,8.0,43.0,0,0,42,45,.250,0.334,0.358,0.692,92,.308,93,133,kirkal01
150,Jason Heyward*,1.9,124,377.0,334.0,56,90.0,23,0,15.0,40.0,2,2,34,64,.269,0.34,0.473,0.813,119,.355,120,158,heywaja01
151,Brandon Drury,1.9,125,523.0,485.0,61,127.0,30,3,26.0,83.0,0,2,25,136,.262,0.306,0.497,0.803,114,.339,112,241,drurybr01
152,Michael A. Taylor,1.9,129,388.0,355.0,48,78.0,14,1,21.0,51.0,13,1,26,130,.220,0.278,0.442,0.72,93,.316,92,157,taylomi02
153,J.D. Martinez,1.9,113,479.0,432.0,61,117.0,27,2,33.0,103.0,1,0,34,149,.271,0.321,0.572,0.893,136,.372,131,247,martijd02
154,Luis Rengifo#,1.9,126,445.0,394.0,55,104.0,15,4,16.0,51.0,6,4,41,82,.264,0.339,0.444,0.783,112,.339,112,175,rengilu01
155,Brendan Donovan*,1.9,95,371.0,327.0,48,93.0,10,1,11.0,34.0,5,1,33,53,.284,0.365,0.422,0.787,114,.358,123,138,donovbr01
156,Riley Greene*,1.9,99,416.0,378.0,51,109.0,19,4,11.0,37.0,7,0,35,114,.288,0.349,0.447,0.796,119,.351,118,169,greenri03
157,Stone Garrett,1.9,89,271.0,234.0,40,63.0,17,0,9.0,40.0,3,1,26,82,.269,0.343,0.457,0.801,121,.354,124,107,garrest01
158,Ramón Laureano,1.8,105,404.0,361.0,46,81.0,18,4,9.0,35.0,12,1,33,114,.224,0.304,0.371,0.676,89,.305,93,134,laurera01
159,Davis Schneider,1.8,35,141.0,116.0,23,32.0,12,1,8.0,20.0,1,0,21,43,.276,0.404,0.603,1.008,174,.429,179,70,schneda03
160,Nicky Lopez*,1.8,93,262.0,225.0,32,52.0,8,3,1.0,25.0,6,2,26,40,.231,0.326,0.307,0.632,75,.292,77,69,lopezni01
161,Jorge Soler,1.8,137,580.0,504.0,77,126.0,24,0,36.0,75.0,1,0,66,141,.250,0.341,0.512,0.853,123,.364,126,258,solerjo01
162,Ramón Urías,1.8,116,396.0,360.0,45,95.0,22,3,4.0,42.0,3,1,27,101,.264,0.328,0.375,0.703,98,.313,100,135,uriasra01
163,Kyle Farmer,1.7,120,369.0,336.0,49,86.0,14,2,11.0,46.0,2,4,23,86,.256,0.317,0.408,0.725,97,.322,104,137,farmeky01
164,Adam Frazier*,1.7,141,455.0,412.0,59,99.0,21,2,13.0,60.0,11,4,32,68,.240,0.3,0.396,0.696,94,.307,95,163,fraziad01
165,Jose Siri,1.7,101,364.0,338.0,58,75.0,13,2,25.0,56.0,12,3,20,130,.222,0.267,0.494,0.761,105,.322,102,167,sirijo01
166,Jesús Sánchez*,1.7,125,402.0,360.0,43,91.0,23,3,14.0,52.0,3,1,38,107,.253,0.327,0.45,0.777,104,.343,111,162,sanchje02
167,Freddy Fermin,1.7,70,235.0,217.0,26,61.0,10,1,9.0,32.0,0,0,13,50,.281,0.321,0.461,0.781,110,.335,110,100,fermifr01
168,Yan Gomes,1.7,116,419.0,382.0,44,102.0,20,2,10.0,63.0,1,0,21,81,.267,0.315,0.408,0.723,98,.313,87,156,gomesya01
169,Taylor Ward,1.7,97,409.0,356.0,60,90.0,18,0,14.0,47.0,4,2,39,80,.253,0.335,0.421,0.756,105,.336,108,150,wardta01
170,Donovan Solano,1.7,134,450.0,394.0,43,111.0,26,1,5.0,38.0,0,0,40,100,.282,0.369,0.391,0.76,110,.341,114,154,solando01
171,Danny Jansen,1.6,86,301.0,268.0,38,61.0,15,0,17.0,53.0,0,0,23,62,.228,0.312,0.474,0.786,114,.337,114,127,janseda01
172,Will Benson*,1.6,108,329.0,287.0,51,79.0,15,8,11.0,31.0,19,3,40,103,.275,0.365,0.498,0.863,128,.383,132,143,bensowi01
173,Zach Neto,1.6,84,329.0,289.0,38,65.0,17,0,9.0,34.0,5,1,20,77,.225,0.308,0.377,0.685,86,.313,90,109,netoza01
174,Orlando Arcia,1.6,139,533.0,488.0,66,129.0,25,0,17.0,65.0,1,0,39,102,.264,0.321,0.42,0.741,99,.325,96,205,arciaor01
175,Adam Duvall,1.6,92,353.0,320.0,45,79.0,24,2,21.0,58.0,4,0,22,110,.247,0.303,0.531,0.834,119,.349,114,170,duvalad01
176,Brice Turang*,1.6,137,448.0,404.0,46,88.0,9,3,6.0,34.0,26,4,38,94,.218,0.285,0.3,0.585,61,.277,61,121,turanbr02
177,Evan Carter*,1.6,23,75.0,62.0,15,19.0,4,1,5.0,12.0,3,0,12,24,.306,0.413,0.645,1.058,187,.441,177,40,carteev01
178,Jake Meyers,1.6,112,341.0,309.0,42,70.0,16,1,10.0,33.0,5,2,26,88,.227,0.296,0.382,0.678,86,.302,87,118,meyerja02
179,Tommy Pham,1.5,129,481.0,426.0,55,109.0,27,3,16.0,68.0,22,3,47,106,.256,0.328,0.446,0.774,111,.342,109,190,phamth01
180,Bo Naylor*,1.5,67,230.0,198.0,33,47.0,13,0,11.0,32.0,5,0,30,53,.237,0.339,0.47,0.809,121,.350,122,93,naylobo01
181,Nick Castellanos,1.5,157,671.0,626.0,79,170.0,37,2,29.0,106.0,11,2,36,185,.272,0.311,0.476,0.788,112,.342,112,298,casteni01
182,Andrew McCutchen,1.5,112,473.0,390.0,55,100.0,19,0,12.0,43.0,11,3,75,100,.256,0.378,0.397,0.776,112,.348,115,155,mccutan01
183,Matt Vierling,1.5,134,530.0,479.0,63,125.0,21,5,10.0,44.0,6,6,44,112,.261,0.329,0.388,0.717,98,.316,98,186,vierlma01
184,Chris Taylor,1.4,117,384.0,338.0,51,80.0,15,1,15.0,56.0,16,3,41,125,.237,0.326,0.42,0.746,102,.333,100,142,tayloch03
185,Travis Jankowski*,1.4,107,287.0,247.0,34,65.0,12,1,1.0,30.0,19,1,35,42,.263,0.357,0.332,0.689,93,.332,96,82,jankotr01
186,Carlos Correa,1.4,135,580.0,514.0,60,118.0,29,2,18.0,65.0,0,0,59,131,.230,0.312,0.399,0.711,94,.312,94,205,correca01
187,Elias Díaz,1.4,141,526.0,486.0,48,130.0,25,1,14.0,72.0,1,0,34,118,.267,0.316,0.409,0.725,87,.323,86,199,diazel01
188,Jonathan India,1.4,119,529.0,454.0,78,111.0,23,0,17.0,61.0,14,2,52,109,.244,0.338,0.407,0.746,98,.337,103,185,indiajo01
189,Masataka Yoshida*,1.4,140,580.0,537.0,71,155.0,33,3,15.0,72.0,8,0,34,81,.289,0.338,0.445,0.783,109,.348,112,239,yoshima02
190,Charlie Blackmon*,1.3,96,413.0,359.0,57,100.0,24,5,8.0,40.0,4,1,39,55,.279,0.363,0.44,0.803,109,.355,109,158,blackch02
191,Andruw Monasterio,1.3,92,315.0,282.0,38,73.0,14,1,3.0,27.0,7,2,28,66,.259,0.33,0.348,0.678,86,.310,90,98,monasan01
192,Keibert Ruiz#,1.3,136,562.0,523.0,55,136.0,24,0,18.0,67.0,1,1,31,58,.260,0.308,0.409,0.717,98,.314,97,214,ruizke01
193,DJ LeMahieu,1.3,136,562.0,497.0,55,121.0,22,3,15.0,44.0,2,2,60,125,.243,0.327,0.39,0.718,96,.315,96,194,lemahdj01
194,Garrett Hampson,1.3,98,252.0,221.0,30,61.0,12,1,3.0,23.0,5,0,23,67,.276,0.349,0.38,0.729,95,.342,108,84,hampsga01
195,Miguel Rojas,1.3,124,423.0,385.0,49,91.0,16,1,5.0,31.0,8,3,26,48,.236,0.29,0.322,0.612,67,.284,68,124,rojasmi02
196,Blake Perkins#,1.2,67,168.0,143.0,28,31.0,7,0,4.0,20.0,5,2,23,46,.217,0.325,0.35,0.675,85,.303,85,50,perkibl01
197,Jordan Westburg,1.2,68,228.0,208.0,26,54.0,17,2,3.0,23.0,4,1,16,56,.260,0.311,0.404,0.715,100,.316,101,84,westbjo01
198,Ryan O'Hearn*,1.2,112,368.0,346.0,48,100.0,22,1,14.0,60.0,5,1,15,82,.289,0.322,0.48,0.801,122,.343,120,166,ohearry01
199,Randal Grichuk,1.2,118,471.0,434.0,65,116.0,31,2,16.0,44.0,2,2,29,96,.267,0.321,0.459,0.779,104,.336,103,199,grichra01
200,Nick Madrigal,1.2,92,294.0,270.0,34,71.0,16,1,2.0,28.0,10,2,10,24,.263,0.311,0.352,0.663,83,.298,74,95,madrini01
201,Tom Murphy,1.2,47,159.0,145.0,19,42.0,12,0,8.0,17.0,0,0,10,44,.290,0.335,0.538,0.873,144,.365,138,78,murphto04
202,Dairon Blanco,1.2,69,138.0,124.0,19,32.0,7,4,3.0,18.0,24,5,10,33,.258,0.324,0.452,0.775,109,.370,120,56,blancda02
203,Jazz Chisholm Jr.*,1.2,97,383.0,352.0,50,88.0,12,2,19.0,51.0,22,3,26,118,.250,0.304,0.457,0.761,99,.342,104,161,chishja01
204,Nelson Velázquez,1.2,53,179.0,162.0,35,38.0,6,0,17.0,34.0,0,0,14,51,.235,0.302,0.586,0.888,135,.381,142,95,velazne01
205,Christopher Morel,1.2,107,429.0,388.0,62,96.0,17,3,26.0,70.0,6,2,36,133,.247,0.313,0.508,0.821,122,.351,115,197,morelch01
206,Sal Frelick*,1.2,57,223.0,191.0,29,47.0,9,1,3.0,24.0,7,0,28,37,.246,0.341,0.351,0.692,90,.315,89,67,frelisa01
207,Luis Campusano,1.1,49,174.0,163.0,27,52.0,7,0,7.0,30.0,0,0,7,21,.319,0.356,0.491,0.847,131,.367,136,80,campulu01
208,Myles Straw,1.1,147,518.0,462.0,52,110.0,18,3,1.0,29.0,20,6,42,97,.238,0.301,0.297,0.597,67,.275,69,137,strawmy01
209,Zach McKinstry*,1.1,148,518.0,464.0,60,107.0,21,4,9.0,35.0,16,6,44,113,.231,0.302,0.351,0.654,81,.296,81,163,mckinza01
210,Eddie Rosario*,1.1,142,516.0,478.0,64,122.0,24,3,21.0,74.0,3,4,34,122,.255,0.305,0.45,0.755,101,.324,98,215,rosared01
211,Alek Thomas*,1.1,125,402.0,374.0,51,86.0,17,5,9.0,39.0,9,1,19,86,.230,0.273,0.374,0.647,74,.291,74,140,thomaal01
212,Shea Langeliers,1.1,135,490.0,448.0,52,92.0,19,4,22.0,63.0,3,2,34,143,.205,0.268,0.413,0.681,89,.293,91,185,langesh01
213,Alex Call,1.1,128,439.0,375.0,43,75.0,14,1,8.0,38.0,9,8,53,78,.200,0.307,0.307,0.614,72,.282,77,115,callal02
214,Maikel Garcia,1.1,123,515.0,464.0,59,126.0,20,4,4.0,50.0,23,7,38,115,.272,0.323,0.358,0.681,86,.305,87,166,garcima01
215,Riley Adams,1.0,44,158.0,143.0,8,39.0,13,2,4.0,21.0,0,0,11,45,.273,0.331,0.476,0.807,121,.345,118,68,adamsri03
216,Andrew Knizner,1.0,70,241.0,224.0,30,54.0,11,0,10.0,31.0,2,0,12,62,.241,0.288,0.424,0.712,91,.309,88,95,kniznan01
217,Cade Marlowe*,1.0,34,100.0,88.0,14,21.0,3,2,3.0,11.0,4,2,12,33,.239,0.33,0.42,0.75,113,.325,110,37,marloca01
218,Jake Cronenworth*,1.0,127,522.0,458.0,54,105.0,24,7,10.0,48.0,6,1,46,97,.229,0.312,0.378,0.689,89,.306,92,173,croneja01
219,Francisco Alvarez,1.0,123,423.0,382.0,51,80.0,12,0,25.0,63.0,2,0,34,110,.209,0.284,0.437,0.721,96,.311,92,167,alvarfr01
220,Ernie Clement,1.0,29,52.0,50.0,7,19.0,1,1,1.0,10.0,1,0,1,4,.380,0.385,0.5,0.885,143,.381,142,25,clemeer01
221,Joey Wiemer,0.9,132,410.0,367.0,48,75.0,19,0,13.0,42.0,11,4,36,116,.204,0.283,0.362,0.645,75,.293,78,133,wiemejo01
222,Parker Meadows*,0.9,37,145.0,125.0,19,29.0,4,2,3.0,13.0,8,1,17,37,.232,0.331,0.368,0.699,94,.329,99,46,meadopa01
223,Andrew Vaughn,0.9,152,615.0,566.0,67,146.0,30,2,21.0,80.0,0,0,36,129,.258,0.314,0.429,0.743,102,.325,101,243,vaughan01
224,J.D. Davis,0.9,144,546.0,480.0,61,119.0,23,1,18.0,69.0,1,0,52,152,.248,0.325,0.413,0.738,104,.326,105,198,davisjd01
225,Ezequiel Durán,0.9,122,439.0,406.0,55,112.0,22,2,14.0,46.0,8,4,23,120,.276,0.324,0.443,0.768,110,.332,106,180,duranez01
226,Dominic Smith*,0.9,153,586.0,527.0,57,134.0,21,1,12.0,46.0,1,1,47,91,.254,0.326,0.366,0.692,93,.310,94,193,smithdo02
227,Jake Fraley*,0.9,111,380.0,336.0,41,86.0,18,0,15.0,65.0,21,5,37,71,.256,0.339,0.443,0.783,107,.349,110,149,fraleja01
228,Luke Maile,0.9,74,199.0,179.0,17,42.0,10,0,6.0,25.0,2,1,14,49,.235,0.308,0.391,0.699,85,.320,93,70,mailelu01
229,Brenton Doyle,0.9,126,431.0,399.0,48,81.0,16,5,10.0,48.0,22,5,22,151,.203,0.25,0.343,0.593,53,.269,44,137,doylebr02
230,Josh Smith*,0.9,90,232.0,195.0,29,36.0,8,1,6.0,15.0,1,0,25,55,.185,0.304,0.328,0.633,76,.293,76,64,smithjo11
231,Elly De La Cruz#,0.8,98,427.0,388.0,67,91.0,15,7,13.0,44.0,35,8,35,144,.235,0.3,0.41,0.71,87,.319,86,159,delacel01
232,Noelvi Marté,0.8,35,123.0,114.0,15,36.0,7,0,3.0,15.0,6,2,8,25,.316,0.366,0.456,0.822,118,.355,116,52,marteno01
233,Jorge Mateo,0.8,116,350.0,318.0,58,69.0,14,2,7.0,34.0,32,5,22,82,.217,0.267,0.34,0.607,70,.282,67,108,mateojo01
234,Patrick Bailey#,0.8,97,353.0,326.0,29,76.0,18,1,7.0,48.0,1,0,21,100,.233,0.285,0.359,0.644,78,.284,74,117,bailepa01
235,Trevor Story,0.8,43,168.0,158.0,12,32.0,9,0,3.0,14.0,10,3,9,55,.203,0.25,0.316,0.566,52,.272,58,50,storytr01
236,Gio Urshela,0.8,62,228.0,214.0,22,64.0,8,1,2.0,24.0,3,2,10,36,.299,0.329,0.374,0.703,92,.310,91,80,urshegi01
237,Wilyer Abreu*,0.8,28,85.0,76.0,10,24.0,6,0,2.0,14.0,3,1,9,23,.316,0.388,0.474,0.862,132,.373,131,36,abreuwi02
238,Spencer Torkelson,0.8,159,684.0,606.0,88,141.0,34,1,31.0,94.0,3,0,67,171,.233,0.313,0.446,0.758,107,.332,106,270,torkesp01
239,Cavan Biggio*,0.8,111,338.0,289.0,54,68.0,12,0,9.0,40.0,5,2,40,88,.235,0.34,0.37,0.71,97,.317,99,107,biggica01
240,Byron Buxton,0.8,85,347.0,304.0,49,63.0,17,1,17.0,42.0,9,0,35,109,.207,0.294,0.438,0.731,97,.321,96,133,buxtoby01
241,Mike Ford*,0.8,83,251.0,219.0,32,50.0,6,0,16.0,34.0,0,0,24,81,.228,0.323,0.475,0.798,124,.341,121,104,fordmi01
242,Jake Rogers,0.7,107,365.0,331.0,47,73.0,11,0,21.0,49.0,1,1,28,118,.221,0.286,0.444,0.73,98,.310,92,147,rogerja03
243,Ildemaro Vargas#,0.7,86,286.0,262.0,32,66.0,13,2,4.0,31.0,1,1,19,20,.252,0.304,0.363,0.666,85,.297,84,95,vargail01
244,Dominic Fletcher*,0.7,28,102.0,93.0,10,28.0,5,1,2.0,14.0,0,2,7,22,.301,0.35,0.441,0.791,114,.328,110,41,fletcdo01
245,Christian Bethancourt,0.7,104,332.0,315.0,49,71.0,16,0,11.0,33.0,1,0,13,91,.225,0.254,0.381,0.635,73,.281,74,120,bethach01
246,Connor Joe,0.7,133,472.0,413.0,63,102.0,31,4,11.0,42.0,3,5,50,110,.247,0.339,0.421,0.76,105,.332,108,174,joeco01
247,Luis García Jr.*,0.7,122,482.0,447.0,61,119.0,18,4,9.0,50.0,9,4,27,60,.266,0.304,0.385,0.688,90,.302,88,172,garcilu04
248,Austin Slater,0.7,89,207.0,185.0,24,50.0,9,0,5.0,20.0,2,2,20,58,.270,0.348,0.4,0.748,108,.339,116,74,slateau01
249,Drew Waters#,0.7,98,337.0,302.0,40,69.0,11,5,8.0,32.0,16,5,27,107,.228,0.3,0.377,0.677,84,.302,84,114,waterdr01
250,Victor Caratini#,0.7,62,226.0,201.0,23,52.0,4,0,7.0,25.0,1,1,19,45,.259,0.327,0.383,0.711,94,.320,99,77,caratvi01
251,Cristian Pache,0.7,48,95.0,84.0,12,20.0,7,1,2.0,11.0,2,3,10,27,.238,0.319,0.417,0.736,100,.318,105,35,pachecr01
252,Whit Merrifield,0.7,145,592.0,547.0,66,149.0,27,0,11.0,67.0,26,10,36,101,.272,0.318,0.382,0.7,93,.311,94,209,merriwh01
253,Edmundo Sosa,0.7,104,300.0,279.0,34,70.0,15,2,10.0,30.0,4,2,8,74,.251,0.293,0.427,0.719,94,.310,91,119,sosaed01
254,Garrett Mitchell*,0.7,19,73.0,65.0,10,16.0,2,1,3.0,7.0,1,1,7,26,.246,0.315,0.446,0.761,105,.334,111,29,mitchga01
255,Michael Conforto*,0.7,125,470.0,406.0,58,97.0,14,0,15.0,58.0,4,0,53,106,.239,0.334,0.384,0.718,100,.317,96,156,confomi01
256,Tyler Stephenson,0.7,142,517.0,465.0,59,113.0,20,2,13.0,56.0,0,1,47,135,.243,0.317,0.378,0.696,85,.318,92,176,stephty01
257,Ty France,0.7,158,665.0,587.0,79,147.0,32,0,12.0,58.0,1,0,43,117,.250,0.337,0.366,0.703,101,.318,104,215,francty01
258,Yoán Moncada#,0.7,92,357.0,334.0,39,87.0,20,1,11.0,40.0,1,0,20,107,.260,0.305,0.425,0.73,99,.320,97,142,moncayo01
259,Kyle Schwarber*,0.6,160,720.0,585.0,108,115.0,19,1,47.0,104.0,0,2,126,215,.197,0.343,0.474,0.817,121,.349,120,277,schwaky01
260,David Peralta*,0.6,133,422.0,394.0,47,102.0,25,1,7.0,55.0,4,1,20,72,.259,0.294,0.381,0.675,82,.302,80,150,peralda01
261,Manuel Margot,0.6,99,336.0,311.0,39,82.0,21,1,4.0,38.0,9,3,18,55,.264,0.31,0.376,0.686,90,.303,89,117,margoma01
262,Christian Encarnacion-Strand,0.6,63,241.0,222.0,29,60.0,7,0,13.0,37.0,2,0,14,69,.270,0.328,0.477,0.805,112,.353,115,106,encarch01
263,Akil Baddoo*,0.6,112,357.0,312.0,40,68.0,13,1,11.0,34.0,14,3,42,89,.218,0.31,0.372,0.682,88,.302,82,116,baddoak01
264,Logan O'Hoppe,0.6,51,199.0,182.0,23,43.0,6,0,14.0,29.0,0,1,14,48,.236,0.296,0.5,0.796,112,.331,107,91,ohopplo01
265,Joc Pederson*,0.6,121,425.0,358.0,59,84.0,14,3,15.0,51.0,0,0,57,89,.235,0.348,0.416,0.764,112,.335,111,149,pederjo01
266,Sean Bouchard,0.6,21,43.0,38.0,11,12.0,2,0,4.0,7.0,0,1,4,14,.316,0.372,0.684,1.056,167,.458,191,26,bouchse01
267,Nick Loftin,0.6,19,68.0,62.0,10,20.0,5,1,0.0,10.0,2,0,4,12,.323,0.368,0.435,0.803,119,.363,126,27,loftini01
268,Jacob Young,0.6,33,121.0,107.0,9,27.0,7,1,0.0,12.0,13,0,10,22,.252,0.322,0.336,0.658,84,.316,79,36,youngja03
269,Javier Báez,0.6,136,547.0,510.0,58,113.0,18,4,9.0,59.0,12,0,24,125,.222,0.267,0.325,0.593,63,.275,63,166,baezja01
270,Harrison Bader,0.6,98,344.0,319.0,44,74.0,12,2,7.0,40.0,20,3,17,59,.232,0.274,0.348,0.622,69,.278,61,111,baderha01
271,Elvis Andrus,0.6,112,406.0,374.0,39,94.0,20,1,6.0,44.0,12,4,25,71,.251,0.304,0.358,0.662,82,.294,78,134,andruel01
272,Curtis Mead,0.5,24,92.0,83.0,12,21.0,3,1,1.0,5.0,0,0,7,21,.253,0.326,0.349,0.675,89,.299,88,29,meadcu01
273,Salvador Perez,0.5,140,580.0,538.0,59,137.0,21,0,23.0,80.0,0,0,19,135,.255,0.292,0.422,0.714,92,.303,88,227,perezsa02
274,Joey Gallo*,0.5,111,332.0,282.0,39,50.0,9,1,21.0,40.0,1,1,48,142,.177,0.301,0.44,0.741,100,.320,100,124,gallojo01
275,James McCann,0.5,69,226.0,207.0,25,46.0,14,0,6.0,26.0,3,1,9,57,.222,0.269,0.377,0.646,79,.287,80,78,mccanja02
276,Carlos Pérez,0.5,66,189.0,168.0,17,38.0,4,0,6.0,20.0,0,0,13,40,.226,0.293,0.357,0.65,83,.290,88,60,perezca02
277,Brian Anderson,0.5,96,361.0,318.0,38,72.0,12,3,9.0,40.0,1,3,36,108,.226,0.31,0.368,0.678,85,.300,86,117,anderbr06
278,Zack Short,0.5,110,253.0,221.0,17,45.0,9,0,7.0,33.0,5,0,28,66,.204,0.292,0.339,0.631,75,.284,70,75,shortza01
279,Will Brennan*,0.5,138,455.0,432.0,41,115.0,24,0,5.0,41.0,13,5,16,57,.266,0.299,0.356,0.655,81,.292,83,154,brennwi02
280,Josh Rojas*,0.5,105,350.0,314.0,47,77.0,17,0,4.0,40.0,12,0,27,81,.245,0.303,0.338,0.641,78,.296,77,106,rojasjo01
281,Ryan McKenna,0.5,88,139.0,122.0,23,31.0,7,0,2.0,18.0,5,0,9,40,.254,0.316,0.361,0.677,91,.309,90,44,mckenry01
282,Joey Meneses,0.5,154,657.0,611.0,71,168.0,36,1,13.0,89.0,0,0,38,130,.275,0.321,0.401,0.722,100,.322,101,245,menesjo01
283,Miles Mastrobuoni*,0.5,60,149.0,133.0,24,32.0,5,0,1.0,5.0,13,1,13,32,.241,0.308,0.301,0.609,70,.291,60,40,mastrmi01
284,Seth Brown*,0.5,112,378.0,343.0,33,76.0,19,1,14.0,52.0,3,1,30,101,.222,0.286,0.405,0.692,93,.300,94,139,brownse01
285,Jose Trevino,0.5,55,168.0,157.0,15,33.0,4,0,4.0,15.0,0,0,8,22,.210,0.257,0.312,0.57,56,.272,64,49,trevijo01
286,Dylan Carlson#,0.5,76,255.0,219.0,27,48.0,8,1,5.0,27.0,3,0,26,49,.219,0.318,0.333,0.651,78,.300,81,73,carlsdy01
287,Stuart Fairchild,0.5,97,255.0,219.0,34,50.0,16,2,5.0,28.0,10,3,25,69,.228,0.321,0.388,0.71,89,.318,90,85,faircst01
288,Michael Chavis,0.5,48,96.0,91.0,16,22.0,3,0,2.0,5.0,1,0,5,33,.242,0.281,0.341,0.622,72,.274,66,31,chavimi01
289,Tyrone Taylor,0.5,81,243.0,231.0,36,54.0,17,1,10.0,35.0,9,0,8,55,.234,0.267,0.446,0.713,91,.313,87,103,tayloty01
290,Dylan Moore,0.5,67,165.0,145.0,18,30.0,9,1,7.0,19.0,7,3,16,56,.207,0.303,0.428,0.731,106,.321,106,62,mooredy01
291,Richie Palacios*,0.5,32,102.0,93.0,9,24.0,6,0,6.0,16.0,2,0,6,11,.258,0.307,0.516,0.823,119,.354,119,48,palacri01
292,Santiago Espinal,0.5,93,254.0,230.0,30,57.0,14,0,2.0,25.0,2,1,18,36,.248,0.31,0.335,0.644,79,.291,81,77,espinsa01
293,Jake McCarthy*,0.5,99,312.0,276.0,37,67.0,7,5,2.0,16.0,26,4,26,62,.243,0.318,0.326,0.644,77,.305,77,90,mccarja02
294,Anthony Rizzo*,0.5,99,421.0,373.0,45,91.0,14,0,12.0,41.0,0,3,35,97,.244,0.328,0.378,0.706,94,.309,94,141,rizzoan01
295,Evan Longoria,0.5,74,237.0,211.0,25,47.0,9,0,11.0,28.0,0,0,23,73,.223,0.295,0.422,0.717,93,.315,93,89,longoev01
296,Amed Rosario,0.4,142,545.0,510.0,70,134.0,25,8,6.0,58.0,15,2,29,99,.263,0.305,0.378,0.683,87,.304,87,193,rosaram01
297,Alec Bohm,0.4,145,611.0,558.0,74,153.0,31,0,20.0,97.0,4,1,42,94,.274,0.327,0.437,0.765,107,.333,107,244,bohmal01
298,Aaron Hicks#,0.4,93,312.0,269.0,44,68.0,9,1,8.0,36.0,6,0,42,69,.253,0.353,0.383,0.735,106,.328,106,103,hicksaa01
299,Tim Locastro,0.4,43,67.0,56.0,13,13.0,3,0,2.0,3.0,6,0,3,22,.232,0.338,0.393,0.731,102,.362,115,22,locasti01
300,Eguy Rosario,0.4,11,37.0,36.0,6,9.0,1,1,2.0,6.0,0,0,1,12,.250,0.27,0.5,0.77,106,.342,118,18,rosareg01
301,Alex Kirilloff*,0.4,88,319.0,281.0,35,76.0,14,1,11.0,41.0,1,0,28,80,.270,0.348,0.445,0.793,116,.343,115,125,kirilal01
302,Owen Miller,0.4,90,314.0,291.0,29,76.0,17,0,5.0,27.0,13,2,17,61,.261,0.303,0.371,0.674,83,.300,80,108,milleow01
303,Rob Refsnyder,0.4,89,243.0,202.0,31,50.0,9,1,1.0,28.0,7,2,33,47,.248,0.365,0.317,0.682,87,.327,98,64,refsnro01
304,Jake Marisnick,0.4,46,83.0,76.0,10,18.0,3,2,2.0,10.0,2,3,3,21,.237,0.28,0.408,0.688,87,.293,88,31,marisja01
305,Pablo Reyes,0.4,64,185.0,167.0,27,48.0,9,0,2.0,20.0,7,2,14,21,.287,0.339,0.377,0.716,94,.329,99,63,reyespa01
306,Matthew Batten,0.4,43,139.0,120.0,19,31.0,6,0,2.0,11.0,2,2,17,30,.258,0.355,0.358,0.713,98,.316,103,43,battema01
307,Josh Bell#,0.4,150,617.0,547.0,52,135.0,28,0,22.0,74.0,0,1,63,134,.247,0.325,0.419,0.744,101,.323,103,229,belljo02
308,Matt Thaiss*,0.4,95,307.0,262.0,32,56.0,6,0,9.0,31.0,2,0,36,83,.214,0.319,0.34,0.659,81,.302,83,89,thaisma01
309,René Pinto,0.4,38,105.0,103.0,10,26.0,3,0,6.0,16.0,0,0,2,34,.252,0.267,0.456,0.723,96,.313,98,47,pintore02
310,Osleivis Basabe,0.4,31,94.0,87.0,15,19.0,5,0,1.0,12.0,0,1,6,25,.218,0.277,0.31,0.587,63,.263,66,27,basabos01
311,Conner Capel*,0.4,32,86.0,73.0,6,19.0,5,0,0.0,3.0,5,3,12,25,.260,0.372,0.329,0.701,102,.316,110,24,capelco01
312,DJ Stewart*,0.3,58,185.0,160.0,21,39.0,9,0,11.0,26.0,1,1,15,56,.244,0.333,0.506,0.84,129,.356,126,81,stewadj01
313,Alfonso Rivas III*,0.3,48,123.0,109.0,8,25.0,10,1,3.0,15.0,1,0,9,36,.229,0.303,0.422,0.725,95,.313,92,46,rivasal01
314,Matt Duffy,0.3,78,209.0,191.0,17,48.0,8,0,2.0,16.0,1,0,12,39,.251,0.306,0.325,0.631,73,.298,83,62,duffyma01
315,Edward Olivares,0.3,107,385.0,354.0,47,93.0,23,4,12.0,36.0,11,5,22,64,.263,0.317,0.452,0.769,107,.340,114,160,olivaed02
316,Iván Herrera,0.3,13,44.0,37.0,6,11.0,2,0,0.0,4.0,0,0,5,11,.297,0.409,0.351,0.76,111,.348,117,13,herreiv01
317,Eloy Jiménez,0.3,120,489.0,456.0,50,124.0,23,0,18.0,64.0,0,0,30,93,.272,0.317,0.441,0.758,106,.327,103,201,jimenel02
318,Martín Maldonado,0.3,116,407.0,362.0,33,69.0,12,0,15.0,36.0,0,0,30,139,.191,0.258,0.348,0.606,66,.265,60,126,maldoma01
319,Jo Adell,0.3,17,62.0,58.0,7,12.0,3,1,3.0,6.0,1,0,4,25,.207,0.258,0.448,0.706,88,.298,79,26,adelljo01
320,Forrest Wall*,0.3,15,15.0,13.0,6,6.0,2,0,1.0,2.0,5,1,2,4,.462,0.533,0.846,1.379,267,.602,264,11,wallfo01
321,Corey Julks,0.3,93,323.0,298.0,35,73.0,14,0,6.0,33.0,15,3,22,75,.245,0.297,0.352,0.65,79,.296,79,105,julksco01
322,Tyler O'Neill,0.3,72,266.0,238.0,27,55.0,14,0,9.0,21.0,5,0,28,67,.231,0.312,0.403,0.715,93,.319,94,96,oneilty01
323,David Fry,0.3,57,113.0,101.0,12,24.0,6,0,4.0,15.0,2,0,8,30,.238,0.319,0.416,0.734,101,.332,109,42,fryda01
324,Jonny DeLuca,0.3,24,45.0,42.0,5,11.0,1,0,2.0,6.0,1,0,3,8,.262,0.311,0.429,0.74,99,.318,89,18,delucjo01
325,Nick Allen,0.3,106,329.0,303.0,29,67.0,4,2,4.0,20.0,5,1,17,52,.221,0.263,0.287,0.55,56,.248,56,87,allenni02
326,Abraham Toro#,0.3,9,21.0,18.0,4,8.0,0,0,2.0,9.0,0,0,2,5,.444,0.524,0.778,1.302,250,.546,259,14,toroab01
327,Emmanuel Rivera,0.3,86,283.0,257.0,32,67.0,13,0,4.0,29.0,1,0,22,56,.261,0.314,0.358,0.672,83,.300,82,92,riverem01
328,Sam Huff,0.3,21,45.0,43.0,5,11.0,2,0,3.0,6.0,0,0,2,17,.256,0.289,0.512,0.801,115,.335,108,22,huffsa01
329,Dalton Guthrie,0.3,23,28.0,24.0,4,4.0,1,0,0.0,0.0,0,0,3,7,.167,0.286,0.208,0.494,39,.241,42,5,guthrda01
330,Hanser Alberto,0.3,30,90.0,82.0,11,18.0,5,0,3.0,16.0,0,0,4,13,.220,0.261,0.39,0.652,76,.289,75,32,alberha01
331,Spencer Horwitz*,0.3,15,44.0,39.0,5,10.0,2,0,1.0,7.0,0,0,4,12,.256,0.341,0.385,0.726,101,.323,103,15,horwisp01
332,Patrick Wisdom,0.3,97,302.0,268.0,43,55.0,8,1,23.0,46.0,4,2,30,111,.205,0.289,0.5,0.789,112,.334,104,134,wisdopa01
333,Michael Pérez*,0.3,3,8.0,8.0,1,4.0,1,0,0.0,0.0,0,0,0,1,.500,0.5,0.625,1.125,210,.479,213,5,perezmi03
334,Endy Rodríguez#,0.2,57,204.0,186.0,27,41.0,7,2,3.0,13.0,0,0,17,49,.220,0.284,0.328,0.612,66,.276,65,61,rodrien01
335,Sam Haggerty#,0.2,52,108.0,91.0,13,23.0,3,1,1.0,5.0,10,1,15,17,.253,0.364,0.341,0.705,104,.335,105,31,haggesa01
336,Nick Martini*,0.2,29,79.0,72.0,10,19.0,3,1,6.0,16.0,0,0,5,15,.264,0.329,0.583,0.912,137,.382,137,42,martini02
337,Andrew Benintendi*,0.2,151,621.0,562.0,72,147.0,34,2,5.0,45.0,13,2,52,89,.262,0.326,0.356,0.682,88,.306,85,200,beninan01
338,Jonathan Aranda*,0.2,34,103.0,87.0,13,20.0,4,1,2.0,13.0,0,0,13,31,.230,0.34,0.368,0.708,97,.309,95,32,arandjo01
339,Miguel Amaya,0.2,53,156.0,131.0,17,28.0,4,0,5.0,18.0,0,0,12,40,.214,0.329,0.359,0.688,90,.310,86,47,amayami01
340,Jasson Domínguez#,0.2,8,33.0,31.0,6,8.0,1,0,4.0,7.0,1,0,2,8,.258,0.303,0.677,0.98,158,.409,157,21,dominja01
341,Sam Hilliard*,0.2,40,78.0,72.0,15,17.0,5,0,3.0,6.0,4,0,6,33,.236,0.295,0.431,0.725,94,.324,87,31,hillisa01
342,Weston Wilson,0.2,8,22.0,16.0,5,5.0,0,0,1.0,2.0,3,1,6,5,.313,0.5,0.5,1.0,176,.445,182,8,wilsowe01
343,Blake Sabol*,0.2,110,344.0,310.0,36,73.0,10,0,13.0,44.0,4,2,24,117,.235,0.301,0.394,0.695,92,.310,94,122,sabolbl01
344,Daniel Vogelbach*,0.2,104,319.0,275.0,33,64.0,8,0,13.0,48.0,0,0,42,81,.233,0.339,0.404,0.742,105,.327,104,111,vogelda01
345,Rafael Ortega*,0.2,47,136.0,114.0,16,25.0,3,0,1.0,8.0,6,1,20,33,.219,0.341,0.272,0.613,74,.303,82,31,ortegra01
346,Billy McKinney*,0.2,48,147.0,128.0,19,29.0,3,1,6.0,14.0,1,0,17,39,.227,0.32,0.406,0.726,98,.314,93,52,mckinbi01
347,Drew Millas#,0.2,11,33.0,28.0,1,8.0,2,0,1.0,6.0,0,0,4,5,.286,0.375,0.464,0.839,132,.367,135,13,milladr01
348,Tyler Heineman#,0.2,22,47.0,38.0,5,9.0,1,1,0.0,3.0,1,0,8,8,.237,0.383,0.316,0.699,97,.325,100,12,heinety01
349,Travis d'Arnaud,0.2,74,292.0,267.0,31,60.0,13,0,11.0,39.0,0,0,21,67,.225,0.288,0.397,0.685,84,.300,79,106,darnatr01
350,Alejo López#,0.2,1,2.0,2.0,1,1.0,1,0,0.0,1.0,0,0,0,1,.500,0.5,1.0,1.5,287,.618,304,2,lopezal03
351,Tyler Fitzgerald,0.2,10,34.0,32.0,3,7.0,2,0,2.0,5.0,2,0,2,10,.219,0.265,0.469,0.733,99,.323,93,15,fitzgty01
352,Henry Ramos#,0.2,23,86.0,74.0,9,18.0,3,1,0.0,5.0,2,1,11,21,.243,0.349,0.311,0.66,79,.301,80,23,ramoshe01
353,Francisco Mejia#,0.2,50,160.0,150.0,22,34.0,11,0,5.0,19.0,0,1,6,38,.227,0.258,0.4,0.658,79,.281,77,60,mejiafr01
354,Drew Ellis,0.2,12,29.0,23.0,4,5.0,0,0,2.0,4.0,0,1,6,7,.217,0.379,0.478,0.858,133,.381,154,11,ellisdr01
355,Ronny Mauricio#,0.2,26,108.0,101.0,11,25.0,4,0,2.0,9.0,7,0,7,31,.248,0.296,0.347,0.643,78,.299,74,35,mauriro01
356,Oneil Cruz*,0.2,9,40.0,32.0,7,8.0,1,0,1.0,4.0,3,0,7,8,.250,0.375,0.375,0.75,105,.350,107,12,cruzon01
357,Garrett Stubbs*,0.2,41,125.0,113.0,15,23.0,4,1,1.0,12.0,2,0,9,29,.204,0.274,0.283,0.557,53,.259,52,32,stubbga01
358,Michael Stefanic,0.2,25,71.0,62.0,5,18.0,2,1,0.0,6.0,0,1,8,8,.290,0.38,0.355,0.735,104,.324,104,22,stefami01
359,Xavier Edwards#,0.1,30,84.0,78.0,12,23.0,3,0,0.0,3.0,5,0,3,14,.295,0.329,0.333,0.663,77,.317,83,26,edwarxa01
360,Vinnie Pasquantino*,0.1,61,260.0,231.0,24,57.0,17,0,9.0,26.0,0,0,25,31,.247,0.324,0.437,0.762,106,.328,105,101,pasquvi01
361,Tristan Gray*,0.1,2,5.0,5.0,1,2.0,0,0,1.0,1.0,0,0,0,0,.400,0.4,1.0,1.4,271,.576,285,5,graytr01
362,Zack Collins*,0.1,2,6.0,4.0,0,2.0,0,0,0.0,0.0,0,0,2,2,.500,0.667,0.5,1.167,232,.528,251,2,colliza01
363,Josh Donaldson,0.1,50,189.0,165.0,18,25.0,5,0,13.0,26.0,0,0,22,50,.152,0.249,0.418,0.667,78,.282,72,69,donaljo02
364,Yu Chang,0.1,39,112.0,105.0,12,17.0,2,0,6.0,18.0,4,0,3,34,.162,0.2,0.352,0.552,45,.252,39,37,changyu01
365,Brendan Rodgers,0.1,46,192.0,178.0,21,46.0,9,1,4.0,20.0,0,0,11,41,.258,0.313,0.388,0.7,82,.309,77,69,rodgebr02
366,José Fermín,0.1,21,61.0,51.0,2,12.0,1,0,0.0,4.0,0,1,6,8,.235,0.339,0.255,0.594,66,.271,67,13,fermijo01
367,Michael Brantley*,0.1,15,57.0,54.0,7,15.0,2,0,2.0,7.0,0,0,2,2,.278,0.298,0.426,0.724,98,.310,93,23,brantmi02
368,Chad Wallach,0.1,65,172.0,157.0,18,31.0,5,1,7.0,15.0,0,1,13,57,.197,0.259,0.376,0.635,71,.281,71,59,wallach01
369,José Azocar,0.1,55,102.0,91.0,16,21.0,6,0,2.0,9.0,8,2,4,24,.231,0.278,0.363,0.641,75,.295,78,33,azocajo01
370,Curt Casali,0.1,40,96.0,80.0,8,14.0,2,0,0.0,6.0,0,0,11,23,.175,0.29,0.2,0.49,35,.249,41,16,casalcu01
371,Anthony Rendon,0.1,43,183.0,148.0,23,35.0,6,0,2.0,22.0,2,0,25,27,.236,0.361,0.318,0.678,89,.319,94,47,rendoan01
372,Kole Calhoun*,0.1,43,174.0,157.0,18,34.0,7,0,6.0,25.0,0,1,13,37,.217,0.282,0.376,0.657,80,.288,83,59,calhoko01
373,Brett Sullivan*,0.1,33,86.0,81.0,7,17.0,3,0,1.0,6.0,0,0,4,19,.210,0.244,0.284,0.528,46,.232,40,23,sullibr01
374,Marco Luciano,0.1,14,45.0,39.0,4,9.0,3,0,0.0,0.0,1,0,6,17,.231,0.333,0.308,0.641,81,.296,80,12,luciama01
375,Austin Wells*,0.1,19,75.0,70.0,8,16.0,6,0,4.0,13.0,0,0,3,14,.229,0.257,0.486,0.742,97,.307,89,34,wellsau01
376,Carson Kelly,0.1,50,151.0,136.0,13,28.0,5,0,2.0,13.0,1,0,14,40,.206,0.278,0.287,0.565,56,.256,51,39,kellyca02
377,Nolan Schanuel*,0.1,29,132.0,109.0,19,30.0,3,0,1.0,6.0,0,0,20,19,.275,0.402,0.33,0.732,104,.334,107,36,schanno01
378,Jeter Downs,0.1,6,9.0,5.0,4,2.0,0,0,0.0,1.0,2,0,4,1,.400,0.667,0.4,1.067,209,.563,237,2,downsje01
379,Brayan Rocchio#,0.1,23,86.0,81.0,9,20.0,6,0,0.0,8.0,0,0,4,27,.247,0.279,0.321,0.6,66,.277,73,26,rocchbr01
380,Andrew Stevenson*,0.1,25,40.0,37.0,4,7.0,1,0,0.0,1.0,4,1,2,8,.189,0.25,0.216,0.466,30,.222,22,8,stevean01
381,Trevor Larnach*,0.1,58,212.0,183.0,26,39.0,7,3,8.0,40.0,1,1,27,72,.213,0.311,0.415,0.727,97,.318,99,76,larnatr01
382,David Fletcher,0.1,33,97.0,89.0,7,22.0,1,0,2.0,12.0,0,0,7,9,.247,0.302,0.326,0.628,72,.275,64,29,fletcda02
383,Jake Lamb*,0.1,18,54.0,51.0,7,11.0,1,0,2.0,5.0,0,0,3,15,.216,0.259,0.353,0.612,65,.284,71,18,lambja01
384,Zach Remillard,0.1,54,160.0,147.0,16,37.0,7,0,1.0,18.0,4,3,8,48,.252,0.295,0.32,0.615,70,.275,67,47,remilza01
385,Liván Soto*,0.1,4,12.0,9.0,2,2.0,0,0,0.0,0.0,0,0,3,2,.222,0.417,0.222,0.639,83,.322,98,2,sotoli01
386,Miguel Andujar,0.0,30,90.0,84.0,9,21.0,7,0,4.0,18.0,2,0,6,13,.250,0.3,0.476,0.776,106,.345,111,40,andujmi01
387,Alan Trejo,0.0,82,227.0,207.0,24,48.0,11,0,4.0,26.0,5,1,16,51,.232,0.288,0.343,0.631,64,.280,54,71,trejoal01
388,Heston Kjerstad*,0.0,13,33.0,30.0,3,7.0,1,0,2.0,3.0,0,0,2,10,.233,0.281,0.467,0.748,106,.315,101,14,kjershe01
389,Junior Caminero,0.0,7,36.0,34.0,4,8.0,1,0,1.0,7.0,0,0,2,8,.235,0.278,0.353,0.631,74,.274,70,12,caminju01
390,Jahmai Jones,0.0,7,11.0,10.0,2,2.0,1,0,0.0,3.0,1,0,1,5,.200,0.273,0.3,0.573,57,.361,113,3,jonesja08
391,Charlie Culberson,0.0,1,1.0,1.0,0,1.0,0,0,0.0,0.0,0,0,0,0,1.000,1.0,1.0,2.0,447,.803,433,1,culbech01
392,Billy Hamilton,0.0,3,2.0,2.0,2,0.0,0,0,0.0,0.0,2,0,0,1,.000,0.0,0.0,0.0,-100,.240,-121,0,hamilbi02
393,Buddy Kennedy,0.0,10,29.0,24.0,1,4.0,1,0,0.0,1.0,0,0,4,6,.167,0.31,0.208,0.519,46,.254,50,5,kennebu01
394,Jonathan Davis,0.0,34,104.0,90.0,22,22.0,4,1,2.0,10.0,1,2,7,29,.244,0.307,0.378,0.685,81,.305,90,34,davisjo05
395,Grae Kessinger,0.0,26,45.0,40.0,3,8.0,2,0,1.0,1.0,0,1,5,12,.200,0.289,0.325,0.614,70,.260,66,13,kessigr01
396,Estevan Florial*,0.0,19,71.0,61.0,5,14.0,3,1,0.0,8.0,3,0,7,20,.230,0.324,0.311,0.635,76,.296,74,19,flories01
397,Drew Maggi,0.0,3,6.0,6.0,1,2.0,1,0,0.0,1.0,0,0,0,1,.333,0.333,0.5,0.833,122,.355,123,3,maggidr01
398,José Abreu,0.0,141,594.0,540.0,62,128.0,23,1,18.0,90.0,0,1,42,130,.237,0.296,0.383,0.68,87,.303,89,207,abreujo02
399,Kyren Paris,0.0,15,46.0,40.0,4,4.0,0,0,0.0,1.0,3,0,4,17,.100,0.2,0.1,0.3,-14,.208,4,4,parisky01
400,José Rodríguez,0.0,1,0.0,0.0,1,0.0,0,0,0.0,0.0,0,0,0,0,,,,,,,,0,rodrijo09
401,JJ Bleday*,0.0,82,303.0,256.0,35,50.0,11,0,10.0,27.0,5,1,42,72,.195,0.31,0.355,0.666,88,.299,93,91,bledajj01
402,Enmanuel Valdéz*,0.0,49,149.0,139.0,17,37.0,8,0,6.0,19.0,5,1,8,37,.266,0.311,0.453,0.764,103,.335,102,63,valdeen01
403,Manny Piña,0.0,4,12.0,12.0,1,3.0,0,0,1.0,1.0,0,0,0,3,.250,0.25,0.5,0.75,105,.307,100,6,pinama01
404,Ty Adcock,0.0,1,0.0,0.0,0,0.0,0,0,0.0,0.0,0,0,0,0,,,,,,,,0,adcocty01
405,Scott Alexander*,0.0,1,0.0,0.0,0,0.0,0,0,0.0,0.0,0,0,0,0,,,,,,,,0,alexasc02
406,Bryan Baker,0.0,2,0.0,0.0,0,0.0,0,0,0.0,0.0,0,0,0,0,,,,,,,,0,bakerbr01
407,Scott Barlow,0.0,1,0.0,0.0,0,0.0,0,0,0.0,0.0,0,0,0,0,,,,,,,,0,barlosc01
408,Mike Baumann,0.0,1,0.0,0.0,0,0.0,0,0,0.0,0.0,0,0,0,0,,,,,,,,0,baumami01
409,José Berríos,0.0,1,0.0,0.0,0,0.0,0,0,0.0,0.0,0,0,0,0,,,,,,,,0,berrijo01
410,Matt Brash,0.0,1,0.0,0.0,0,0.0,0,0,0.0,0.0,0,0,0,0,,,,,,,,0,brashma01
411,Ryan Brasier,0.0,1,0.0,0.0,0,0.0,0,0,0.0,0.0,0,0,0,0,,,,,,,,0,brasiry01
412,JB Bukauskas,0.0,1,0.0,0.0,0,0.0,0,0,0.0,0.0,0,0,0,0,,,,,,,,0,bukaujb01
413,Aaron Bummer*,0.0,1,0.0,0.0,0,0.0,0,0,0.0,0.0,0,0,0,0,,,,,,,,0,bummeaa01
414,Génesis Cabrera*,0.0,2,0.0,0.0,0,0.0,0,0,0.0,0.0,0,0,0,0,,,,,,,,0,cabrege01
415,Yennier Cano,0.0,3,0.0,0.0,0,0.0,0,0,0.0,0.0,0,0,0,0,,,,,,,,0,canoye01
416,Miguel Castro,0.0,2,0.0,0.0,0,0.0,0,0,0.0,0.0,0,0,0,0,,,,,,,,0,castrmi01
417,Andrew Chafin,0.0,3,0.0,0.0,0,0.0,0,0,0.0,0.0,0,0,0,0,,,,,,,,0,chafian01
418,Aroldis Chapman*,0.0,1,0.0,0.0,0,0.0,0,0,0.0,0.0,0,0,0,0,,,,,,,,0,chapmar01
419,Taylor Clarke,0.0,1,0.0,0.0,0,0.0,0,0,0.0,0.0,0,0,0,0,,,,,,,,0,clarkta01
420,Dylan Coleman,0.0,2,0.0,0.0,0,0.0,0,0,0.0,0.0,0,0,0,0,,,,,,,,0,colemdy01
421,Danny Coulombe*,0.0,2,0.0,0.0,0,0.0,0,0,0.0,0.0,0,0,0,0,,,,,,,,0,couloda01
422,Austin Cox*,0.0,1,0.0,0.0,0,0.0,0,0,0.0,0.0,0,0,0,0,,,,,,,,0,coxau01
423,Kutter Crawford,0.0,1,0.0,0.0,1,0.0,0,0,0.0,0.0,0,0,0,0,,,,,,,,0,crawfku01
424,Alexis Díaz,0.0,3,0.0,0.0,0,0.0,0,0,0.0,0.0,0,0,0,0,,,,,,,,0,diazal03
425,Camilo Doval,0.0,2,0.0,0.0,0,0.0,0,0,0.0,0.0,0,0,0,0,,,,,,,,0,dovalca01
426,Daniel Duarte,0.0,2,0.0,0.0,0,0.0,0,0,0.0,0.0,0,0,0,0,,,,,,,,0,duartda01
427,Buck Farmer*,0.0,1,0.0,0.0,0,0.0,0,0,0.0,0.0,0,0,0,0,,,,,,,,0,farmebu01
428,Caleb Ferguson,0.0,2,0.0,0.0,0,0.0,0,0,0.0,0.0,0,0,0,0,,,,,,,,0,ferguca01
429,Luis Frías,0.0,1,0.0,0.0,0,0.0,0,0,0.0,0.0,0,0,0,0,,,,,,,,0,friaslu01
430,Shintaro Fujinami,0.0,1,0.0,0.0,0,0.0,0,0,0.0,0.0,0,0,0,0,,,,,,,,0,fujinsh01
431,Michael Fulmer,0.0,2,1.0,1.0,0,0.0,0,0,0.0,0.0,0,0,0,1,.000,0.0,0.0,0.0,-100,.000,-133,0,fulmemi01
432,Ian Gibaut,0.0,1,0.0,0.0,0,0.0,0,0,0.0,0.0,0,0,0,0,,,,,,,,0,gibauia01
433,Kyle Gibson,0.0,1,0.0,0.0,0,0.0,0,0,0.0,0.0,0,0,0,0,,,,,,,,0,gibsoky01
434,Logan Gillaspie,0.0,1,0.0,0.0,0,0.0,0,0,0.0,0.0,0,0,0,0,,,,,,,,0,gillalo01
435,Kevin Ginkel*,0.0,1,0.0,0.0,0,0.0,0,0,0.0,0.0,0,0,0,0,,,,,,,,0,ginkeke01
436,Victor González*,0.0,2,0.0,0.0,0,0.0,0,0,0.0,0.0,0,0,0,0,,,,,,,,0,gonzavi02
437,Brusdar Graterol,0.0,1,0.0,0.0,0,0.0,0,0,0.0,0.0,0,0,0,0,,,,,,,,0,gratebr01
438,Kendall Graveman,0.0,1,0.0,0.0,0,0.0,0,0,0.0,0.0,0,0,0,0,,,,,,,,0,graveke01
439,Jon Gray,0.0,1,0.0,0.0,0,0.0,0,0,0.0,0.0,0,0,0,0,,,,,,,,0,grayjo02
440,Zack Greinke,0.0,1,0.0,0.0,0,0.0,0,0,0.0,0.0,0,0,0,0,,,,,,,,0,greinza01
441,Josh Hader*,0.0,1,0.0,0.0,0,0.0,0,0,0.0,0.0,0,0,0,0,,,,,,,,0,haderjo01
442,DL Hall*,0.0,1,0.0,0.0,0,0.0,0,0,0.0,0.0,0,0,0,0,,,,,,,,0,halldl01
443,Taylor Hearn*,0.0,1,0.0,0.0,0,0.0,0,0,0.0,0.0,0,0,0,0,,,,,,,,0,hearnta01
444,Jonathan Heasley,0.0,1,0.0,0.0,0,0.0,0,0,0.0,0.0,0,0,0,0,,,,,,,,0,heasljo01
445,Ryan Helsley,0.0,1,0.0,0.0,0,0.0,0,0,0.0,0.0,0,0,0,0,,,,,,,,0,helslry01
446,Carlos Hernández,0.0,1,0.0,0.0,0,0.0,0,0,0.0,0.0,0,0,0,0,,,,,,,,0,hernaca04
447,Bryan Hoeing,0.0,1,0.0,0.0,0,0.0,0,0,0.0,0.0,0,0,0,0,,,,,,,,0,hoeinbr01
448,Tommy Hunter,0.0,2,0.0,0.0,0,0.0,0,0,0.0,0.0,0,0,0,0,,,,,,,,0,hunteto02
449,Drey Jameson,0.0,1,0.0,0.0,0,0.0,0,0,0.0,0.0,0,0,0,0,,,,,,,,0,jamesdr01
450,Kenley Jansen#,0.0,1,0.0,0.0,0,0.0,0,0,0.0,0.0,0,0,0,0,,,,,,,,0,janseke01
451,Bryce Jarvis*,0.0,1,0.0,0.0,0,0.0,0,0,0.0,0.0,0,0,0,0,,,,,,,,0,jarvibr01
452,Joe Jiménez,0.0,1,0.0,0.0,0,0.0,0,0,0.0,0.0,0,0,0,0,,,,,,,,0,jimenjo02
453,Pierce Johnson,0.0,1,0.0,0.0,0,0.0,0,0,0.0,0.0,0,0,0,0,,,,,,,,0,johnspi01
454,Jakob Junis,0.0,1,0.0,0.0,0,0.0,0,0,0.0,0.0,0,0,0,0,,,,,,,,0,junisja01
455,Karl Kauffmann,0.0,1,0.0,0.0,0,0.0,0,0,0.0,0.0,0,0,0,0,,,,,,,,0,kauffka01
456,Anthony Kay*,0.0,4,0.0,0.0,0,0.0,0,0,0.0,0.0,0,0,0,0,,,,,,,,0,kayan01
457,John King*,0.0,1,0.0,0.0,0,0.0,0,0,0.0,0.0,0,0,0,0,,,,,,,,0,kingjo01
458,Mark Kolozsvary,0.0,1,0.0,0.0,0,0.0,0,0,0.0,0.0,0,0,0,0,,,,,,,,0,kolozma01
459,Alex Lange,0.0,1,0.0,0.0,0,0.0,0,0,0.0,0.0,0,0,0,0,,,,,,,,0,langeal01
460,Derek Law,0.0,1,0.0,0.0,0,0.0,0,0,0.0,0.0,0,0,0,0,,,,,,,,0,lawde01
461,Justin Lawrence,0.0,1,0.0,0.0,0,0.0,0,0,0.0,0.0,0,0,0,0,,,,,,,,0,lawreju01
462,Mark Leiter Jr.,0.0,1,0.0,0.0,0,0.0,0,0,0.0,0.0,0,0,0,0,,,,,,,,0,leitema02
463,Luke Little*,0.0,1,0.0,0.0,0,0.0,0,0,0.0,0.0,0,0,0,0,,,,,,,,0,littllu01
464,Chris Martin,0.0,1,0.0,0.0,0,0.0,0,0,0.0,0.0,0,0,0,0,,,,,,,,0,martich02
465,Seth Martinez,0.0,1,0.0,0.0,0,0.0,0,0,0.0,0.0,0,0,0,0,,,,,,,,0,martise01
466,Phil Maton,0.0,4,0.0,0.0,0,0.0,0,0,0.0,0.0,0,0,0,0,,,,,,,,0,matonph01
467,Tim Mayza*,0.0,2,0.0,0.0,0,0.0,0,0,0.0,0.0,0,0,0,0,,,,,,,,0,mayzati01
468,James McArthur,0.0,1,0.0,0.0,0,0.0,0,0,0.0,0.0,0,0,0,0,,,,,,,,0,mcartja01
469,Scott McGough,0.0,2,0.0,0.0,0,0.0,0,0,0.0,0.0,0,0,0,0,,,,,,,,0,mcgousc01
470,Julian Merryweather,0.0,1,0.0,0.0,0,0.0,0,0,0.0,0.0,0,0,0,0,,,,,,,,0,merryju01
471,Shelby Miller,0.0,1,1.0,1.0,0,0.0,0,0,0.0,0.0,0,0,0,0,.000,0.0,0.0,0.0,-100,.000,-133,0,millesh01
472,Rafael Montero,0.0,1,0.0,0.0,0,0.0,0,0,0.0,0.0,0,0,0,0,,,,,,,,0,montera01
473,Jovani Morán*,0.0,2,0.0,0.0,0,0.0,0,0,0.0,0.0,0,0,0,0,,,,,,,,0,moranjo01
474,Andrés Muñoz,0.0,1,0.0,0.0,0,0.0,0,0,0.0,0.0,0,0,0,0,,,,,,,,0,munozan01
475,Penn Murfee,0.0,1,0.0,0.0,0,0.0,0,0,0.0,0.0,0,0,0,0,,,,,,,,0,murfepe01
476,James Naile,0.0,1,0.0,0.0,0,0.0,0,0,0.0,0.0,0,0,0,0,,,,,,,,0,naileja01
477,Andrew Nardi*,0.0,1,0.0,0.0,0,0.0,0,0,0.0,0.0,0,0,0,0,,,,,,,,0,nardian01
478,Kyle Nelson*,0.0,1,0.0,0.0,0,0.0,0,0,0.0,0.0,0,0,0,0,,,,,,,,0,nelsoky01
479,Héctor Neris,0.0,1,0.0,0.0,0,0.0,0,0,0.0,0.0,0,0,0,0,,,,,,,,0,nerishe01
480,Emilio Pagán*,0.0,1,0.0,0.0,0,0.0,0,0,0.0,0.0,0,0,0,0,,,,,,,,0,paganem01
481,Cionel Pérez,0.0,3,0.0,0.0,0,0.0,0,0,0.0,0.0,0,0,0,0,,,,,,,,0,perezci01
482,Nick Pivetta,0.0,1,0.0,0.0,0,0.0,0,0,0.0,0.0,0,0,0,0,,,,,,,,0,pivetni01
483,Ryan Pressly,0.0,3,0.0,0.0,0,0.0,0,0,0.0,0.0,0,0,0,0,,,,,,,,0,pressry01
484,Cole Ragans*,0.0,1,0.0,0.0,0,0.0,0,0,0.0,0.0,0,0,0,0,,,,,,,,0,raganco01
485,Brooks Raley*,0.0,1,0.0,0.0,0,0.0,0,0,0.0,0.0,0,0,0,0,,,,,,,,0,raleybr01
486,Taylor Rogers*,0.0,1,0.0,0.0,0,0.0,0,0,0.0,0.0,0,0,0,0,,,,,,,,0,rogerta01
487,Tyler Rogers,0.0,1,0.0,0.0,0,0.0,0,0,0.0,0.0,0,0,0,0,,,,,,,,0,rogerty01
488,Jordan Romano,0.0,1,0.0,0.0,0,0.0,0,0,0.0,0.0,0,0,0,0,,,,,,,,0,romanjo03
489,JoJo Romero*,0.0,1,0.0,0.0,0,0.0,0,0,0.0,0.0,0,0,0,0,,,,,,,,0,romerjo01
490,Michael Rucker,0.0,2,0.0,0.0,0,0.0,0,0,0.0,0.0,0,0,0,0,,,,,,,,0,ruckemi01
491,José Ruiz,0.0,1,0.0,0.0,0,0.0,0,0,0.0,0.0,0,0,0,0,,,,,,,,0,ruizjo01
492,Cole Sands,0.0,1,0.0,0.0,0,0.0,0,0,0.0,0.0,0,0,0,0,,,,,,,,0,sandsco01
493,Tony Santillan,0.0,1,0.0,0.0,0,0.0,0,0,0.0,0.0,0,0,0,0,,,,,,,,0,santito01
494,Tayler Saucedo*,0.0,2,0.0,0.0,0,0.0,0,0,0.0,0.0,0,0,0,0,,,,,,,,0,sauceta01
495,Josh Sborz,0.0,1,1.0,1.0,0,0.0,0,0,0.0,0.0,0,0,0,1,.000,0.0,0.0,0.0,-100,.000,-125,0,sborzjo01
496,John Schreiber,0.0,2,0.0,0.0,0,0.0,0,0,0.0,0.0,0,0,0,0,,,,,,,,0,schrejo01
497,Tayler Scott,0.0,2,0.0,0.0,0,0.0,0,0,0.0,0.0,0,0,0,0,,,,,,,,0,scottta02
498,Paul Sewald,0.0,2,0.0,0.0,0,0.0,0,0,0.0,0.0,0,0,0,0,,,,,,,,0,sewalpa01
499,Lucas Sims,0.0,3,0.0,0.0,0,0.0,0,0,0.0,0.0,0,0,0,0,,,,,,,,0,simslu01
500,Will Smith,0.0,1,0.0,0.0,0,0.0,0,0,0.0,0.0,0,0,0,0,,,,,,,,0,smithwi04
501,Drew Smyly*,0.0,1,0.0,0.0,0,0.0,0,0,0.0,0.0,0,0,0,0,,,,,,,,0,smylydr01
502,Carson Spiers,0.0,1,0.0,0.0,0,0.0,0,0,0.0,0.0,0,0,0,0,,,,,,,,0,spierca01
503,Ryne Stanek,0.0,2,0.0,0.0,0,0.0,0,0,0.0,0.0,0,0,0,0,,,,,,,,0,stanery01
504,Brent Suter*,0.0,1,0.0,0.0,0,0.0,0,0,0.0,0.0,0,0,0,0,,,,,,,,0,suterbr01
505,Domingo Tapia,0.0,1,0.0,0.0,0,0.0,0,0,0.0,0.0,0,0,0,0,,,,,,,,0,tapiado01
506,Justin Topa,0.0,1,0.0,0.0,0,0.0,0,0,0.0,0.0,0,0,0,0,,,,,,,,0,topaju01
507,Cole Tucker#,0.0,5,10.0,8.0,2,4.0,0,0,0.0,2.0,0,0,1,2,.500,0.6,0.5,1.1,193,.492,208,4,tuckeco01
508,Alex Vesia*,0.0,2,0.0,0.0,0,0.0,0,0,0.0,0.0,0,0,0,0,,,,,,,,0,vesiaal01
509,Will Vest,0.0,1,0.0,0.0,0,0.0,0,0,0.0,0.0,0,0,0,0,,,,,,,,0,vestwi01
510,Hayden Wesneski,0.0,2,0.0,0.0,0,0.0,0,0,0.0,0.0,0,0,0,0,,,,,,,,0,wesneha01
511,Garrett Whitlock,0.0,1,0.0,0.0,0,0.0,0,0,0.0,0.0,0,0,0,0,,,,,,,,0,whitlga01
512,Nick Wittgren,0.0,1,0.0,0.0,0,0.0,0,0,0.0,0.0,0,0,0,0,,,,,,,,0,wittgni01
513,Ryan Yarbrough,0.0,1,0.0,0.0,0,0.0,0,0,0.0,0.0,0,0,0,0,,,,,,,,0,yarbrry01
514,Alex Young*,0.0,2,0.0,0.0,0,0.0,0,0,0.0,0.0,0,0,0,0,,,,,,,,0,youngal01
515,Nick Senzel,0.0,104,330.0,301.0,49,71.0,10,0,13.0,42.0,6,2,26,74,.236,0.297,0.399,0.696,84,.327,98,120,senzeni01
516,Jason Delay,0.0,70,187.0,167.0,20,42.0,11,1,1.0,18.0,0,0,14,44,.251,0.319,0.347,0.666,81,.294,79,58,delayja01
517,Logan Porter,0.0,11,38.0,31.0,4,6.0,1,0,1.0,3.0,0,0,5,11,.194,0.324,0.323,0.647,78,.321,100,10,portelo01
518,Jacob Amaya,0.0,4,9.0,9.0,1,2.0,0,0,0.0,2.0,1,0,0,1,.222,0.222,0.222,0.444,19,.226,10,2,amayaja01
519,Anthony Bemboom*,0.0,6,13.0,11.0,0,2.0,0,0,0.0,0.0,0,0,2,2,.182,0.308,0.182,0.49,44,.244,50,2,bemboan01
520,Joey Ortiz,0.0,15,34.0,33.0,4,7.0,1,0,0.0,4.0,0,0,0,9,.212,0.206,0.242,0.448,26,.194,15,8,ortizjo06
521,Nick Solak,0.0,2,0.0,0.0,1,0.0,0,0,0.0,0.0,0,0,0,0,,,,,,,,0,solakni01
522,Adam Wainwright,0.0,2,2.0,2.0,0,0.0,0,0,0.0,0.0,0,0,0,1,.000,0.0,0.0,0.0,-100,.000,-129,0,wainwad01
523,Jordan Luplow,0.0,39,90.0,77.0,11,16.0,3,0,2.0,5.0,2,0,12,27,.208,0.322,0.325,0.647,79,.293,77,25,luplojo01
524,Greg Allen#,0.0,22,28.0,23.0,6,5.0,1,1,1.0,1.0,3,1,2,10,.217,0.333,0.478,0.812,119,.389,145,11,allengr01
525,Peyton Burdick,0.0,14,37.0,33.0,4,6.0,2,0,1.0,2.0,1,0,3,18,.182,0.27,0.333,0.604,60,.276,59,11,burdipe01
526,Mason McCoy,0.0,6,1.0,1.0,2,0.0,0,0,0.0,0.0,0,0,0,1,.000,0.0,0.0,0.0,-100,.000,-125,0,mccoyma01
527,Wade Meckler*,0.0,20,64.0,56.0,6,13.0,1,0,0.0,4.0,0,0,6,25,.232,0.328,0.25,0.578,65,.271,66,14,mecklwa01
528,Omar Narváez*,0.0,49,146.0,128.0,12,27.0,5,0,2.0,7.0,0,0,14,27,.211,0.283,0.297,0.58,62,.266,61,38,narvaom01
529,David Dahl*,0.0,4,9.0,9.0,1,1.0,0,0,1.0,1.0,0,0,0,2,.111,0.111,0.444,0.556,43,.220,31,4,dahlda01
530,Brad Miller*,0.0,27,67.0,56.0,8,12.0,4,0,1.0,6.0,0,0,10,11,.214,0.328,0.339,0.668,86,.313,92,19,millebr02
531,Carlos Pérez,0.0,27,53.0,49.0,5,10.0,4,0,1.0,3.0,0,0,4,11,.204,0.264,0.347,0.611,67,.284,72,17,perezca03
532,Jonathan Ornelas,0.0,8,8.0,7.0,2,1.0,0,0,0.0,0.0,0,0,0,4,.143,0.25,0.143,0.393,14,.202,13,1,orneljo01
533,Eli White,0.0,6,17.0,14.0,1,1.0,0,0,0.0,0.0,0,0,2,7,.071,0.235,0.071,0.307,-10,.178,-8,1,whiteel04
534,Garrett Cooper,0.0,123,457.0,422.0,42,106.0,18,1,17.0,61.0,0,0,31,132,.251,0.304,0.419,0.724,92,.315,94,177,coopega03
535,Isiah Kiner-Falefa,0.0,113,361.0,326.0,39,79.0,12,1,6.0,37.0,14,5,28,70,.242,0.306,0.34,0.646,78,.290,76,111,kineris01
536,Kody Clemens*,0.0,47,148.0,139.0,15,32.0,7,0,4.0,13.0,0,0,8,40,.230,0.277,0.367,0.644,75,.279,69,51,clemeko01
537,Ceddanne Rafaela,0.0,28,89.0,83.0,11,20.0,6,0,2.0,5.0,3,1,4,28,.241,0.281,0.386,0.666,78,.287,70,32,rafaece01
538,Tres Barrera,0.0,6,2.0,2.0,0,0.0,0,0,0.0,0.0,0,0,0,0,.000,0.0,0.0,0.0,-100,.000,-129,0,barretr01
539,Chris Okey,0.0,2,2.0,2.0,0,0.0,0,0,0.0,0.0,0,0,0,2,.000,0.0,0.0,0.0,-100,.000,-125,0,okeych01
540,Chandler Seagle,0.0,1,1.0,1.0,0,0.0,0,0,0.0,0.0,0,0,0,0,.000,0.0,0.0,0.0,-100,.000,-125,0,seaglch01
541,Cal Stevenson*,0.0,6,12.0,9.0,1,0.0,0,0,0.0,0.0,0,0,3,2,.000,0.25,0.0,0.25,-21,.250,50,0,steveca01
542,Víctor Robles,-0.1,36,126.0,107.0,15,32.0,5,1,0.0,8.0,8,1,11,18,.299,0.385,0.364,0.75,111,.356,119,39,roblevi01
543,Mike Moustakas*,-0.1,112,386.0,352.0,43,87.0,15,0,12.0,48.0,0,0,23,95,.247,0.293,0.392,0.685,82,.300,78,138,moustmi01
544,Miguel Vargas,-0.1,81,304.0,256.0,36,50.0,15,4,7.0,32.0,3,2,38,61,.195,0.305,0.367,0.672,82,.300,80,94,vargami01
545,Alexander Canario,-0.1,6,17.0,17.0,1,5.0,1,1,1.0,6.0,0,0,0,8,.294,0.294,0.647,0.941,150,.386,140,11,canaral01
546,Nathan Lukes*,-0.1,29,31.0,26.0,4,5.0,1,1,0.0,2.0,0,0,4,9,.192,0.29,0.308,0.598,66,.266,63,8,lukesna01
547,Jordan Walker,-0.1,117,465.0,420.0,51,116.0,19,2,16.0,51.0,7,4,37,104,.276,0.342,0.445,0.787,113,.342,114,187,walkejo02
548,Gabriel Arias,-0.1,122,345.0,315.0,36,66.0,15,0,10.0,26.0,3,4,28,113,.210,0.275,0.352,0.628,72,.274,74,111,ariasga01
549,Cam Eden,-0.1,5,6.0,6.0,1,1.0,0,0,0.0,0.0,0,0,0,2,.167,0.167,0.167,0.333,-7,.149,-20,1,edenca01
550,Calvin Mitchell*,-0.1,2,5.0,4.0,0,0.0,0,0,0.0,0.0,0,0,1,1,.000,0.2,0.0,0.2,-38,.140,-30,0,mitchca01
551,Joey Votto*,-0.1,65,242.0,208.0,26,42.0,6,0,14.0,38.0,0,0,27,62,.202,0.314,0.433,0.747,97,.328,99,90,vottojo01
552,Caleb Hamilton,-0.1,4,6.0,5.0,0,0.0,0,0,0.0,0.0,0,0,1,5,.000,0.167,0.0,0.167,-49,.115,-51,0,hamilca01
553,David Hamilton*,-0.1,15,39.0,33.0,2,4.0,2,0,0.0,0.0,2,1,6,10,.121,0.256,0.182,0.438,22,.215,21,6,hamilda03
554,Michael Massey*,-0.1,129,461.0,428.0,42,98.0,18,1,15.0,55.0,6,2,24,99,.229,0.274,0.381,0.655,77,.290,78,163,massemi02
555,Elehuris Montero,-0.1,85,307.0,284.0,40,69.0,15,2,11.0,39.0,0,0,15,111,.243,0.29,0.426,0.716,84,.319,84,121,monteel01
556,Brett Phillips*,-0.1,39,71.0,63.0,9,11.0,1,0,3.0,6.0,3,1,8,36,.175,0.268,0.333,0.601,63,.269,59,21,phillbr02
557,Tyler Cropley,-0.1,2,7.0,6.0,0,1.0,0,0,0.0,1.0,0,0,0,2,.167,0.143,0.167,0.31,-16,.127,-38,1,croplty01
558,Yonny Hernández#,-0.1,14,27.0,22.0,5,3.0,1,0,0.0,4.0,0,0,2,8,.136,0.231,0.182,0.413,15,.198,4,4,hernayo02
559,Roberto Pérez,-0.1,5,17.0,15.0,0,2.0,0,0,0.0,1.0,0,0,2,6,.133,0.235,0.133,0.369,7,.188,6,2,perezro02
560,Kevin Pillar,-0.1,81,206.0,197.0,29,45.0,10,0,9.0,32.0,4,1,6,50,.228,0.248,0.416,0.664,76,.289,70,82,pillake01
561,Nick Fortes,-0.1,108,323.0,294.0,33,60.0,10,0,6.0,26.0,4,2,17,59,.204,0.263,0.299,0.562,49,.259,51,88,forteni01
562,Carter Kieboom,-0.1,27,94.0,87.0,12,18.0,2,0,4.0,11.0,0,0,6,27,.207,0.266,0.368,0.634,74,.275,69,32,kieboca01
563,Travis Blankenhorn*,-0.1,10,37.0,31.0,2,5.0,0,0,1.0,1.0,0,0,6,6,.161,0.297,0.258,0.555,57,.264,60,8,blanktr01
564,Cody Thomas*,-0.1,19,46.0,42.0,1,10.0,3,0,1.0,2.0,0,0,4,17,.238,0.304,0.381,0.685,93,.296,92,16,thomaco01
565,Vinny Capra,-0.1,9,21.0,18.0,3,3.0,1,0,0.0,1.0,0,0,2,5,.167,0.25,0.222,0.472,30,.221,23,4,capravi01
566,Connor Kaiser,-0.1,3,4.0,4.0,0,0.0,0,0,0.0,0.0,0,0,0,2,.000,0.0,0.0,0.0,-100,.000,-142,0,kaiseco01
567,Braden Shewmake*,-0.1,2,4.0,4.0,0,0.0,0,0,0.0,0.0,0,0,0,1,.000,0.0,0.0,0.0,-100,.000,-133,0,shewmbr01
568,Kyle Garlick,-0.1,14,30.0,28.0,2,5.0,1,0,2.0,4.0,0,0,2,11,.179,0.233,0.429,0.662,76,.276,68,12,garliky01
569,Luis Guillorme*,-0.1,54,120.0,107.0,12,24.0,6,1,1.0,9.0,0,0,10,28,.224,0.288,0.327,0.615,71,.268,62,35,guilllu01
570,Luis Torrens,-0.1,18,30.0,28.0,1,7.0,3,0,0.0,4.0,0,0,1,9,.250,0.3,0.357,0.657,83,.284,71,10,torrelu01
571,Kiké Hernández,-0.1,140,508.0,465.0,57,110.0,23,0,11.0,61.0,4,1,34,97,.237,0.289,0.357,0.646,74,.285,69,166,hernaen02
572,Robbie Grossman#,-0.1,115,420.0,353.0,56,84.0,23,1,10.0,49.0,1,0,57,98,.238,0.34,0.394,0.734,103,.327,101,139,grossro01
573,Esteury Ruiz,-0.1,132,497.0,449.0,47,114.0,24,1,5.0,47.0,67,13,20,99,.254,0.309,0.345,0.654,85,.309,88,155,ruizes01
574,Matt Reynolds,-0.1,2,5.0,5.0,1,1.0,0,0,0.0,0.0,0,0,0,3,.200,0.2,0.2,0.4,8,.179,-7,1,reynoma03
575,Franchy Cordero*,-0.1,24,71.0,69.0,9,13.0,2,0,6.0,13.0,0,0,2,25,.188,0.211,0.478,0.69,81,.296,82,33,cordefr02
576,Hunter Dozier,-0.1,29,91.0,82.0,8,15.0,2,1,2.0,9.0,2,0,8,29,.183,0.253,0.305,0.558,52,.269,59,25,doziehu01
577,Adam Haseley*,-0.1,28,39.0,36.0,6,8.0,2,0,0.0,2.0,1,0,3,8,.222,0.282,0.278,0.56,56,.257,49,10,haselad01
578,Tommy La Stella*,-0.1,12,24.0,21.0,2,4.0,1,0,0.0,2.0,0,0,3,5,.190,0.292,0.238,0.53,54,.245,53,5,lasteto01
579,Dominic Canzone*,-0.1,59,182.0,173.0,23,38.0,13,0,6.0,21.0,1,0,8,32,.220,0.258,0.399,0.657,82,.297,87,69,canzodo01
580,Nick Ahmed,-0.1,72,210.0,198.0,14,42.0,10,1,2.0,17.0,5,1,12,52,.212,0.257,0.303,0.56,52,.250,45,60,ahmedni01
581,Jake Alu*,-0.1,51,175.0,159.0,14,36.0,2,1,2.0,16.0,5,1,10,42,.226,0.282,0.289,0.571,60,.275,66,46,aluja01
582,Jared Young*,-0.1,16,47.0,43.0,8,8.0,0,3,2.0,8.0,2,0,3,13,.186,0.255,0.465,0.72,93,.345,104,20,youngja02
583,Pete Crow-Armstrong*,-0.1,13,19.0,14.0,3,0.0,0,0,0.0,1.0,2,2,3,7,.000,0.176,0.0,0.176,-45,.092,-63,0,crowape01
584,José Herrera#,-0.1,41,120.0,101.0,15,21.0,5,0,0.0,7.0,1,0,13,30,.208,0.296,0.257,0.553,53,.260,51,26,herrejo04
585,Nick Gonzales,-0.2,35,128.0,115.0,12,24.0,8,1,2.0,13.0,0,1,6,36,.209,0.268,0.348,0.616,66,.261,57,40,gonzani01
586,Jordan Lawlar,-0.2,14,34.0,31.0,2,4.0,0,0,0.0,0.0,1,1,2,11,.129,0.206,0.129,0.335,-5,.178,2,4,lawlajo01
587,Austin Meadows*,-0.2,6,21.0,21.0,0,5.0,1,0,0.0,2.0,0,0,0,3,.238,0.238,0.286,0.524,44,.229,34,6,meadoau01
588,Meibrys Viloria*,-0.2,10,4.0,3.0,0,0.0,0,0,0.0,0.0,0,0,1,0,.000,0.25,0.0,0.25,-21,.173,-2,0,vilorme01
589,Joshua Palacios*,-0.2,91,264.0,247.0,26,59.0,9,2,10.0,40.0,5,0,12,56,.239,0.279,0.413,0.692,85,.300,80,102,palacjo01
590,Rylan Bannon,-0.2,2,6.0,6.0,0,0.0,0,0,0.0,0.0,0,0,0,3,.000,0.0,0.0,0.0,-100,.000,-127,0,bannory01
591,Matt Beaty*,-0.2,30,72.0,61.0,8,14.0,4,0,0.0,4.0,0,0,6,14,.230,0.347,0.295,0.642,79,.311,94,18,beatyma01
592,Juniel Querecuto#,-0.2,9,21.0,20.0,2,2.0,1,0,0.0,0.0,0,0,1,6,.100,0.143,0.15,0.293,-20,.130,-38,3,quereju01
593,Samad Taylor,-0.2,31,69.0,60.0,11,12.0,2,1,0.0,4.0,8,0,7,22,.200,0.279,0.267,0.546,51,.284,54,16,taylosa04
594,Brett Wisely*,-0.2,51,131.0,120.0,10,21.0,5,0,2.0,8.0,2,1,9,40,.175,0.231,0.267,0.497,38,.219,28,32,wiselbr01
595,J.P. Martínez*,-0.2,17,44.0,40.0,7,9.0,1,0,1.0,4.0,0,0,2,16,.225,0.25,0.325,0.575,58,.242,41,13,martijp01
596,Austin Wynns,-0.2,51,145.0,130.0,11,27.0,6,0,1.0,10.0,1,0,9,39,.208,0.268,0.277,0.545,44,.255,37,36,wynnsau01
597,Óscar Mercado,-0.2,20,32.0,31.0,3,9.0,3,0,0.0,5.0,2,1,1,4,.290,0.313,0.387,0.7,90,.330,106,12,mercaos01
598,Canaan Smith-Njigba*,-0.2,15,37.0,32.0,3,4.0,1,1,0.0,5.0,1,0,4,16,.125,0.216,0.219,0.435,19,.230,29,7,smithca05
599,Chadwick Tromp,-0.2,6,16.0,16.0,1,2.0,1,0,0.0,1.0,0,0,0,7,.125,0.125,0.188,0.313,-17,.133,-40,3,trompch01
600,Willie Calhoun*,-0.2,44,149.0,134.0,16,32.0,7,0,5.0,16.0,0,0,14,20,.239,0.309,0.403,0.712,94,.305,88,54,calhowi01
601,Christian Arroyo,-0.2,66,206.0,195.0,23,47.0,16,0,3.0,24.0,1,3,7,45,.241,0.268,0.369,0.638,70,.266,61,72,arroych01
602,Joey Wendle*,-0.2,112,318.0,297.0,33,63.0,16,3,2.0,20.0,7,1,13,67,.212,0.248,0.306,0.554,47,.248,41,91,wendljo01
603,Bryce Johnson#,-0.2,30,48.0,43.0,7,7.0,1,0,1.0,3.0,3,0,4,15,.163,0.229,0.256,0.485,35,.230,26,11,johnsbr03
604,Taylor Kohlwey*,-0.2,5,13.0,13.0,0,2.0,0,0,0.0,0.0,0,0,0,5,.154,0.154,0.154,0.308,-14,.131,-32,2,kohlwta01
605,César Salazar*,-0.2,13,19.0,18.0,1,2.0,0,0,0.0,0.0,0,0,1,6,.111,0.158,0.111,0.269,-23,.130,-35,2,salazce01
606,Luis Urías,-0.2,52,177.0,144.0,18,28.0,6,0,3.0,18.0,0,0,21,41,.194,0.337,0.299,0.636,75,.295,78,43,uriaslu01
607,Ben Rortvedt*,-0.2,32,79.0,68.0,6,8.0,1,0,2.0,4.0,0,0,11,19,.118,0.241,0.221,0.461,28,.218,26,15,rortvbe01
608,Josh Lester*,-0.2,11,23.0,22.0,0,4.0,0,0,0.0,4.0,0,0,1,7,.182,0.217,0.182,0.399,15,.224,36,4,lestejo02
609,Brian O'Keefe,-0.2,8,21.0,19.0,0,2.0,2,0,0.0,2.0,0,0,2,7,.105,0.19,0.211,0.401,15,.179,5,4,okeefbr01
610,Raimel Tapia*,-0.2,64,169.0,148.0,28,35.0,4,1,3.0,13.0,10,2,17,40,.236,0.317,0.338,0.655,79,.303,78,50,tapiara01
611,Ben Gamel*,-0.2,6,15.0,15.0,2,3.0,1,0,0.0,2.0,0,0,0,2,.200,0.2,0.267,0.467,28,.196,14,4,gamelbe01
612,Darin Ruf,-0.2,20,57.0,49.0,3,11.0,3,0,0.0,3.0,0,0,8,16,.224,0.333,0.286,0.619,74,.287,76,14,rufda01
613,Bobby Dalbec,-0.2,21,53.0,49.0,6,10.0,2,0,1.0,1.0,1,0,4,28,.204,0.264,0.306,0.57,54,.259,48,15,dalbebo01
614,Kevin Padlo,-0.2,3,8.0,8.0,1,1.0,1,0,0.0,0.0,0,0,0,0,.125,0.125,0.25,0.375,-1,.154,-21,2,padloke01
615,Alika Williams,-0.2,46,112.0,101.0,7,20.0,5,0,0.0,6.0,0,0,9,35,.198,0.27,0.248,0.518,42,.237,37,25,willial04
616,Jake Cave*,-0.2,65,203.0,184.0,18,39.0,8,1,5.0,21.0,3,0,15,55,.212,0.272,0.348,0.62,68,.274,63,64,caveja01
617,José Miranda,-0.2,40,152.0,142.0,12,30.0,4,0,3.0,13.0,0,0,9,24,.211,0.263,0.303,0.566,55,.261,58,43,miranjo01
618,Brandon Dixon,-0.2,33,86.0,79.0,10,16.0,4,0,2.0,9.0,1,0,1,31,.203,0.244,0.329,0.573,57,.251,52,26,dixonbr01
619,Nick Gordon*,-0.2,34,93.0,91.0,13,16.0,5,1,2.0,7.0,0,0,1,11,.176,0.185,0.319,0.503,35,.222,29,29,gordoni01
620,Johan Camargo#,-0.2,8,20.0,18.0,0,4.0,0,0,0.0,2.0,0,0,1,4,.222,0.3,0.222,0.522,49,.251,51,4,camarjo01
621,Isan Díaz*,-0.2,8,26.0,24.0,0,1.0,0,0,0.0,1.0,0,0,2,9,.042,0.115,0.042,0.157,-53,.088,-65,1,diazis01
622,Blake Rutherford*,-0.2,16,36.0,35.0,4,6.0,0,0,0.0,2.0,0,0,1,10,.171,0.194,0.171,0.366,4,.191,9,6,ruthebl01
623,José Tena*,-0.2,18,34.0,31.0,2,7.0,2,0,0.0,3.0,0,0,3,13,.226,0.294,0.29,0.584,63,.265,65,9,tenajo01
624,Luke Voit,-0.2,22,74.0,68.0,5,15.0,3,0,0.0,4.0,2,0,4,27,.221,0.284,0.265,0.548,52,.269,58,18,voitlu01
625,Matt Carpenter*,-0.3,76,237.0,188.0,18,33.0,12,0,5.0,31.0,1,0,41,67,.176,0.322,0.319,0.641,79,.293,83,60,carpema01
626,Tucupita Marcano*,-0.3,75,220.0,202.0,16,47.0,12,2,3.0,18.0,5,2,10,35,.233,0.276,0.356,0.633,70,.284,71,72,marcatu01
627,Andre Lipcius,-0.3,13,38.0,35.0,3,10.0,1,0,1.0,4.0,0,0,3,8,.286,0.342,0.4,0.742,105,.327,104,14,lipcian01
628,Kyle Higashioka,-0.3,92,260.0,242.0,24,57.0,13,0,10.0,34.0,0,0,14,74,.236,0.274,0.413,0.687,85,.295,81,100,higasky01
629,Kevin Smith,-0.3,49,146.0,135.0,15,25.0,4,0,5.0,11.0,1,0,5,51,.185,0.22,0.326,0.546,52,.235,45,44,smithke05
630,TJ Hopkins,-0.3,25,44.0,41.0,7,7.0,0,0,0.0,1.0,1,0,2,17,.171,0.227,0.171,0.398,9,.194,0,7,hopkitj01
631,Mitch Haniger,-0.3,61,229.0,211.0,27,44.0,13,1,6.0,28.0,1,0,15,65,.209,0.266,0.365,0.631,74,.278,70,77,hanigmi01
632,Tyler Freeman,-0.3,64,168.0,153.0,20,37.0,7,0,4.0,18.0,5,0,10,30,.242,0.295,0.366,0.661,82,.294,80,56,freemty01
633,Rougned Odor*,-0.3,59,157.0,138.0,21,28.0,9,0,4.0,18.0,2,1,17,37,.203,0.299,0.355,0.654,80,.296,86,49,odorro01
634,Mark Mathias,-0.3,27,72.0,62.0,6,14.0,2,0,0.0,6.0,3,0,10,15,.226,0.333,0.258,0.591,65,.312,85,16,mathima01
635,Tyler Wade*,-0.3,26,55.0,51.0,8,13.0,1,1,0.0,2.0,4,0,4,13,.255,0.309,0.314,0.623,77,.288,75,16,wadety01
636,Seby Zavala,-0.3,73,193.0,175.0,17,30.0,4,0,7.0,18.0,1,0,12,70,.171,0.23,0.314,0.545,48,.244,42,55,zavalse01
637,Michael Siani*,-0.3,8,6.0,5.0,1,0.0,0,0,0.0,0.0,1,1,1,1,.000,0.167,0.0,0.167,-49,.072,-44,0,sianimi01
638,Jace Peterson*,-0.3,133,430.0,374.0,35,79.0,10,4,6.0,37.0,15,2,47,101,.211,0.304,0.307,0.611,73,.282,75,115,peterja01
639,Coco Montes,-0.3,18,41.0,38.0,3,7.0,2,0,1.0,3.0,0,0,2,12,.184,0.244,0.316,0.56,45,.246,32,12,monteco01
640,Nelson Cruz,-0.3,49,152.0,143.0,9,35.0,5,1,5.0,23.0,1,0,6,46,.245,0.283,0.399,0.681,86,.297,85,57,cruzne02
641,Edwin Ríos*,-0.3,18,34.0,28.0,3,2.0,1,0,1.0,2.0,0,0,5,16,.071,0.235,0.214,0.45,26,.219,21,6,riosed01
642,Ehire Adrianza#,-0.3,5,11.0,10.0,0,0.0,0,0,0.0,0.0,0,0,1,4,.000,0.091,0.0,0.091,-72,.064,-89,0,adriaeh01
643,Clint Frazier,-0.3,33,76.0,66.0,10,13.0,1,1,0.0,3.0,4,2,10,23,.197,0.303,0.242,0.545,54,.255,52,16,frazicl01
644,Kyle Stowers*,-0.3,14,33.0,30.0,1,2.0,0,0,0.0,0.0,0,0,3,12,.067,0.152,0.067,0.218,-35,.117,-40,2,stoweky01
645,Luke Williams,-0.3,11,19.0,19.0,1,1.0,0,0,0.0,0.0,4,0,0,7,.053,0.053,0.053,0.105,-71,.092,-103,1,willilu01
646,Reese McGuire*,-0.3,72,206.0,187.0,15,50.0,12,1,1.0,16.0,2,1,11,53,.267,0.31,0.358,0.668,80,.295,76,67,mcguire01
647,Derek Hill,-0.3,13,50.0,47.0,3,8.0,1,0,0.0,1.0,1,0,3,11,.170,0.22,0.191,0.411,17,.209,18,9,hillde01
648,Bligh Madris*,-0.3,12,30.0,26.0,4,4.0,1,0,0.0,0.0,0,0,4,7,.154,0.267,0.192,0.459,31,.223,31,5,madribl01
649,Tyler Naquin*,-0.3,5,8.0,8.0,0,0.0,0,0,0.0,0.0,0,0,0,7,.000,0.0,0.0,0.0,-100,.000,-131,0,naquity01
650,Bryan De La Cruz,-0.3,153,626.0,579.0,60,149.0,32,0,19.0,78.0,4,1,40,142,.257,0.304,0.411,0.715,88,.315,91,238,delacbr01
651,Christian Vázquez,-0.3,102,355.0,327.0,34,73.0,13,0,6.0,32.0,1,0,25,82,.223,0.28,0.318,0.598,64,.264,59,104,vazquch01
652,Jonathan Araúz#,-0.3,27,66.0,59.0,3,8.0,0,0,3.0,9.0,0,0,5,18,.136,0.203,0.288,0.491,34,.217,24,17,arauzjo01
653,Dane Myers,-0.3,22,70.0,67.0,9,18.0,3,0,1.0,9.0,1,1,2,19,.269,0.286,0.358,0.644,70,.271,64,24,myersda01
654,Chris Owings,-0.3,10,25.0,25.0,0,4.0,0,0,0.0,0.0,0,0,0,12,.160,0.16,0.16,0.32,-12,.140,-31,4,owingch01
655,Heliot Ramos,-0.3,25,60.0,56.0,5,10.0,4,0,1.0,2.0,0,0,4,20,.179,0.233,0.304,0.537,48,.250,51,17,ramoshe02
656,Jackie Bradley Jr.*,-0.3,43,113.0,105.0,10,14.0,5,0,1.0,6.0,0,0,5,29,.133,0.188,0.21,0.397,9,.188,5,22,bradlja02
657,Trey Cabbage*,-0.3,22,56.0,53.0,5,11.0,3,0,1.0,7.0,1,1,2,26,.208,0.232,0.321,0.553,49,.233,38,17,cabbatr01
658,Abraham Almonte#,-0.3,8,16.0,15.0,1,1.0,1,0,0.0,0.0,0,0,1,8,.067,0.125,0.133,0.258,-28,.121,-43,2,almonab01
659,Adam Engel,-0.3,5,6.0,6.0,0,0.0,0,0,0.0,0.0,0,1,0,2,.000,0.0,0.0,0.0,-100,-0.084,-125,0,engelad01
660,MJ Melendez*,-0.4,148,602.0,533.0,65,125.0,29,5,16.0,56.0,6,4,62,170,.235,0.316,0.398,0.713,94,.315,97,212,melenmj01
661,Taylor Trammell*,-0.4,22,56.0,46.0,7,6.0,0,0,3.0,11.0,0,1,9,22,.130,0.286,0.326,0.612,75,.268,75,15,trammta01
662,Bubba Thompson,-0.4,37,60.0,53.0,10,9.0,4,1,0.0,4.0,4,2,4,16,.170,0.237,0.283,0.52,44,.226,29,15,thompbu01
663,Ji Hwan Bae*,-0.4,111,371.0,334.0,54,77.0,17,2,2.0,32.0,24,9,30,92,.231,0.296,0.311,0.608,66,.276,64,104,baeji01
664,Jiman Choi*,-0.4,39,117.0,104.0,12,17.0,5,0,6.0,13.0,0,0,10,35,.163,0.239,0.385,0.624,67,.266,61,40,choiji01
665,Romy González,-0.4,44,97.0,93.0,11,18.0,4,2,3.0,14.0,7,0,2,36,.194,0.208,0.376,0.585,56,.261,43,35,gonzaro01
666,Jason Vosler*,-0.4,20,65.0,62.0,6,10.0,2,1,3.0,10.0,0,0,3,25,.161,0.2,0.371,0.571,48,.241,37,23,vosleja01
667,Ryan Kreidler,-0.4,11,18.0,18.0,2,2.0,0,0,0.0,0.0,0,0,0,7,.111,0.111,0.111,0.222,-38,.094,-62,2,kreidry01
668,Matt Mervis*,-0.4,27,99.0,90.0,8,15.0,2,0,3.0,11.0,0,0,8,32,.167,0.242,0.289,0.531,46,.249,42,26,mervima01
669,Cooper Hummel#,-0.4,10,26.0,23.0,2,2.0,1,0,0.0,0.0,1,0,2,9,.087,0.192,0.13,0.323,-5,.172,-6,3,hummeco01
670,Miguel Cabrera,-0.4,98,370.0,334.0,21,86.0,20,0,4.0,34.0,0,0,31,74,.257,0.322,0.353,0.675,87,.308,90,118,cabremi01
671,Irving López*,-0.4,5,12.0,11.0,0,0.0,0,0,0.0,1.0,0,0,0,5,.000,0.0,0.0,0.0,-100,.000,-131,0,lopezir01
672,Mike Brosseau,-0.4,29,78.0,73.0,4,15.0,2,0,4.0,8.0,0,0,4,20,.205,0.256,0.397,0.654,75,.278,68,29,brossmi01
673,Luis Matos,-0.4,76,253.0,228.0,24,57.0,13,1,2.0,14.0,3,0,20,33,.250,0.319,0.342,0.661,85,.308,89,78,matoslu02
674,Yonathan Daza,-0.4,24,80.0,74.0,8,20.0,6,0,0.0,7.0,1,0,3,13,.270,0.304,0.351,0.655,71,.286,57,26,dazayo01
675,David Villar,-0.4,46,140.0,124.0,15,18.0,6,0,5.0,12.0,1,1,11,45,.145,0.236,0.315,0.55,52,.249,51,39,villada01
676,Vidal Bruján#,-0.4,37,84.0,76.0,14,13.0,2,0,0.0,6.0,3,2,5,21,.171,0.241,0.197,0.438,24,.210,26,15,brujavi01
677,Jonathan Schoop,-0.4,55,151.0,136.0,15,29.0,8,0,0.0,7.0,0,0,13,37,.213,0.278,0.272,0.55,54,.245,45,37,schoojo01
678,Luken Baker,-0.4,33,99.0,86.0,9,18.0,3,0,2.0,10.0,0,0,13,31,.209,0.313,0.314,0.627,72,.295,79,27,bakerlu01
679,Joey Bart,-0.4,30,95.0,87.0,9,18.0,5,0,0.0,5.0,0,0,3,23,.207,0.263,0.264,0.528,48,.237,41,23,bartjo01
680,Jonah Bride,-0.4,40,106.0,88.0,9,15.0,3,0,0.0,7.0,0,1,11,22,.170,0.286,0.205,0.49,43,.232,49,18,bridejo01
681,Brian Serven,-0.4,11,23.0,23.0,0,3.0,1,0,0.0,1.0,0,0,0,10,.130,0.13,0.174,0.304,-21,.132,-49,4,servebr01
682,Kevin Newman,-0.4,74,253.0,225.0,28,57.0,16,0,3.0,28.0,8,1,17,34,.253,0.311,0.364,0.675,80,.307,80,82,newmake01
683,Jorge Alfaro,-0.4,18,52.0,48.0,2,7.0,4,0,1.0,4.0,0,0,2,15,.146,0.212,0.292,0.503,31,.222,19,14,alfarjo01
684,Paul DeJong,-0.5,112,400.0,372.0,41,77.0,13,0,14.0,38.0,4,4,21,121,.207,0.258,0.355,0.612,66,.264,60,132,dejonpa01
685,Michael Busch*,-0.5,27,81.0,72.0,9,12.0,3,0,2.0,7.0,1,0,8,27,.167,0.247,0.292,0.539,46,.244,38,21,buschmi02
686,Franmil Reyes,-0.5,19,65.0,59.0,5,11.0,0,0,2.0,7.0,0,0,4,24,.186,0.231,0.288,0.519,41,.226,32,17,reyesfr01
687,Casey Schmitt,-0.5,90,277.0,253.0,28,52.0,15,0,5.0,30.0,2,1,13,65,.206,0.255,0.324,0.58,60,.256,55,82,schmica01
688,Rodolfo Castro#,-0.5,92,256.0,227.0,21,48.0,7,0,6.0,24.0,1,4,23,74,.211,0.297,0.322,0.618,69,.278,73,73,castrro01
689,Lawrence Butler*,-0.5,42,129.0,123.0,10,26.0,4,0,4.0,10.0,0,0,4,35,.211,0.24,0.341,0.582,62,.256,64,42,butlela01
690,Yuli Gurriel,-0.5,108,329.0,298.0,32,73.0,16,3,4.0,27.0,4,0,26,44,.245,0.304,0.359,0.663,76,.293,74,107,gourryu01
691,Austin Nola,-0.5,52,154.0,130.0,9,19.0,3,0,1.0,8.0,0,0,18,31,.146,0.26,0.192,0.452,28,.225,33,25,nolaau01
692,Mike Zunino,-0.5,42,140.0,124.0,11,22.0,7,0,3.0,11.0,0,0,15,61,.177,0.271,0.306,0.578,60,.258,60,38,zuninmi01
693,Eric Hosmer*,-0.5,31,100.0,94.0,7,22.0,3,0,2.0,14.0,0,0,6,25,.234,0.28,0.33,0.61,68,.268,56,31,hosmeer01
694,Jon Singleton*,-0.5,36,105.0,91.0,11,15.0,3,0,2.0,12.0,0,0,13,23,.165,0.267,0.264,0.53,48,.252,51,24,singljo02
695,C.J. Cron,-0.5,71,278.0,258.0,38,64.0,12,0,12.0,37.0,0,0,17,65,.248,0.295,0.434,0.729,89,.315,83,112,croncj01
696,Jose Barrero,-0.5,46,149.0,133.0,15,29.0,8,0,2.0,17.0,3,2,15,44,.218,0.295,0.323,0.619,66,.273,61,43,garcijo02
697,Terrin Vavra*,-0.5,27,56.0,49.0,9,12.0,0,0,0.0,5.0,1,0,5,12,.245,0.315,0.245,0.56,62,.280,72,12,vavrate01
698,Andrew Velazquez#,-0.5,54,94.0,81.0,12,14.0,3,0,2.0,3.0,13,3,10,30,.173,0.264,0.284,0.548,50,.262,42,23,velazan01
699,Sandy León#,-0.5,21,44.0,41.0,4,6.0,2,0,0.0,4.0,0,0,1,20,.146,0.186,0.195,0.381,6,.173,-11,8,leonsa01
700,Liover Peguero,-0.5,59,213.0,198.0,21,47.0,4,1,7.0,26.0,6,2,11,67,.237,0.28,0.374,0.653,75,.282,69,74,pegueli01
701,Avisaíl García,-0.5,37,118.0,108.0,8,20.0,3,1,3.0,12.0,2,0,6,39,.185,0.241,0.315,0.556,47,.244,37,34,garciav01
702,Hunter Goodman,-0.5,23,77.0,70.0,6,14.0,4,3,1.0,17.0,1,0,5,24,.200,0.247,0.386,0.632,62,.268,45,27,goodmhu01
703,Kyle Lewis,-0.5,16,54.0,51.0,2,8.0,2,0,1.0,2.0,0,0,3,21,.157,0.204,0.255,0.459,24,.201,12,13,lewisky01
704,Jesús Aguilar,-0.6,36,115.0,104.0,8,23.0,2,0,5.0,9.0,0,0,8,31,.221,0.281,0.385,0.665,86,.281,81,40,aguilje01
705,Tyler Nevin,-0.6,41,111.0,95.0,11,19.0,3,1,2.0,10.0,0,1,12,25,.200,0.306,0.316,0.622,73,.283,75,30,nevinty01
706,Masyn Winn,-0.6,37,137.0,122.0,8,21.0,2,0,2.0,12.0,2,1,10,26,.172,0.23,0.238,0.467,28,.224,28,29,winnma01
707,Hunter Renfroe,-0.6,140,548.0,498.0,60,116.0,31,0,20.0,60.0,0,0,44,125,.233,0.297,0.416,0.713,92,.311,90,207,renfrhu01
708,Nate Eaton,-0.6,28,56.0,53.0,2,4.0,0,0,0.0,1.0,3,0,2,21,.075,0.125,0.075,0.2,-43,.128,-46,4,eatonna01
709,Tucker Barnhart*,-0.6,43,123.0,109.0,6,22.0,3,0,1.0,9.0,1,0,12,42,.202,0.285,0.257,0.541,52,.252,43,28,barnhtu01
710,Taylor Motter,-0.6,29,82.0,76.0,3,13.0,3,0,0.0,2.0,0,0,5,31,.171,0.232,0.211,0.442,22,.204,14,16,motteta01
711,Jacob Stallings,-0.6,88,276.0,241.0,22,46.0,14,0,3.0,20.0,0,0,27,67,.191,0.278,0.286,0.565,51,.259,51,69,stallja01
712,Everson Pereira,-0.6,27,103.0,93.0,6,14.0,4,0,0.0,10.0,4,0,8,40,.151,0.233,0.194,0.427,20,.211,14,18,pereiev01
713,Josh Harrison,-0.6,40,114.0,103.0,8,21.0,3,0,2.0,10.0,0,0,3,20,.204,0.263,0.291,0.554,52,.256,53,30,harrijo05
714,Rowdy Tellez*,-0.6,105,351.0,311.0,26,67.0,9,1,13.0,47.0,0,0,35,86,.215,0.291,0.376,0.667,81,.294,79,117,tellero01
715,Wil Myers,-0.6,37,141.0,127.0,11,24.0,3,0,3.0,12.0,2,1,12,48,.189,0.257,0.283,0.541,45,.243,38,36,myerswi01
716,Alec Burleson*,-0.6,107,347.0,315.0,34,77.0,20,1,8.0,36.0,3,1,23,45,.244,0.3,0.39,0.691,87,.302,84,123,burleal01
717,Corey Dickerson*,-0.6,50,152.0,144.0,12,36.0,7,1,2.0,17.0,0,1,7,28,.250,0.283,0.354,0.637,76,.279,73,51,dickeco01
718,Darick Hall*,-0.6,18,56.0,54.0,2,9.0,1,0,1.0,3.0,0,0,2,18,.167,0.196,0.241,0.437,19,.195,9,13,hallda02
719,Korey Lee,-0.7,24,70.0,65.0,4,5.0,1,0,1.0,3.0,0,0,5,20,.077,0.143,0.138,0.281,-22,.147,-26,9,leeko01
720,Oswald Peraza,-0.7,52,191.0,173.0,15,33.0,8,0,2.0,14.0,4,3,13,50,.191,0.267,0.272,0.539,49,.244,47,47,perazos02
721,Yasmani Grandal#,-0.7,118,405.0,363.0,33,85.0,14,0,8.0,33.0,0,0,36,86,.234,0.309,0.339,0.647,79,.294,79,123,grandya01
722,David Hensley,-0.7,30,94.0,84.0,12,10.0,1,0,1.0,3.0,1,0,10,35,.119,0.213,0.167,0.379,8,.205,17,14,henslda01
723,Jesse Winker*,-0.7,61,197.0,166.0,16,33.0,5,0,1.0,23.0,0,0,26,51,.199,0.32,0.247,0.567,59,.275,66,41,winkeje01
724,Trayce Thompson,-0.7,72,179.0,153.0,17,25.0,2,0,6.0,17.0,2,0,24,77,.163,0.285,0.294,0.579,60,.272,60,45,thomptr01
725,Jordyn Adams,-0.7,17,40.0,39.0,1,5.0,0,0,0.0,1.0,1,2,0,16,.128,0.125,0.128,0.253,-30,.135,-21,5,adamsjo03
726,Vaughn Grissom,-0.7,23,80.0,75.0,5,21.0,3,1,0.0,9.0,0,1,2,15,.280,0.313,0.347,0.659,79,.285,73,26,grissva01
727,Juan Yepez,-0.7,28,65.0,60.0,5,11.0,1,0,2.0,2.0,0,1,4,20,.183,0.246,0.3,0.546,48,.235,43,18,yepezju01
728,AJ Pollock,-0.8,54,144.0,133.0,15,22.0,4,0,5.0,15.0,0,1,9,32,.165,0.215,0.308,0.524,47,.233,46,41,polloaj01
729,Colton Cowser*,-0.8,26,77.0,61.0,15,7.0,2,0,0.0,4.0,1,0,13,22,.115,0.286,0.148,0.433,28,.240,46,9,cowseco01
730,Tomás Nido,-0.8,22,61.0,56.0,5,7.0,0,0,0.0,1.0,0,0,2,18,.125,0.153,0.125,0.278,-21,.127,-43,7,nidoto01
731,Giancarlo Stanton,-0.8,101,415.0,371.0,43,71.0,13,0,24.0,60.0,0,0,41,124,.191,0.275,0.42,0.695,87,.299,84,156,stantmi03
732,Brett Baty*,-0.8,108,389.0,353.0,41,75.0,12,0,9.0,34.0,2,0,29,109,.212,0.275,0.323,0.598,66,.275,66,114,batybr01
733,Lenyn Sosa,-0.8,52,173.0,164.0,12,33.0,6,0,6.0,14.0,0,1,5,40,.201,0.224,0.348,0.571,54,.247,47,57,sosale01
734,Starling Marte,-0.8,86,341.0,315.0,38,78.0,7,1,5.0,28.0,24,4,16,69,.248,0.301,0.324,0.625,74,.290,71,102,martest01
735,Pavin Smith*,-0.8,69,228.0,191.0,26,36.0,5,0,7.0,30.0,1,1,35,45,.188,0.317,0.325,0.642,76,.296,81,62,smithpa04
736,Danny Mendick,-0.9,33,69.0,65.0,4,12.0,3,0,1.0,4.0,1,0,4,15,.185,0.232,0.277,0.509,41,.226,30,18,mendida01
737,Aledmys Díaz,-0.9,109,344.0,315.0,25,72.0,20,1,4.0,24.0,1,0,17,66,.229,0.28,0.337,0.616,74,.269,72,106,diazal02
738,Eric Haase,-0.9,89,293.0,274.0,22,55.0,8,1,4.0,26.0,4,1,17,81,.201,0.247,0.281,0.528,46,.242,42,77,haaseer01
739,Jared Walsh*,-0.9,39,116.0,104.0,10,13.0,4,0,4.0,11.0,0,0,11,45,.125,0.216,0.279,0.494,34,.221,26,29,walshja01
740,Kolten Wong*,-0.9,87,250.0,224.0,25,41.0,6,0,4.0,27.0,3,2,18,53,.183,0.256,0.263,0.519,48,.233,44,59,wongko01
741,Jake Bauers*,-0.9,84,272.0,242.0,28,49.0,15,0,12.0,30.0,3,2,27,95,.202,0.279,0.413,0.693,87,.301,86,100,bauerja01
742,Kris Bryant,-1.0,80,335.0,300.0,36,70.0,10,0,10.0,31.0,0,0,29,68,.233,0.313,0.367,0.68,77,.318,83,110,bryankr01
743,Tony Kemp*,-1.0,124,419.0,359.0,42,75.0,13,3,5.0,27.0,15,4,44,40,.209,0.303,0.304,0.607,73,.280,78,109,kempto01
744,Mark Vientos,-1.1,65,233.0,218.0,19,46.0,5,1,9.0,22.0,1,0,10,71,.211,0.253,0.367,0.62,69,.273,65,80,vientma01
745,Tyler Soderstrom*,-1.1,45,138.0,125.0,9,20.0,1,0,3.0,7.0,0,0,11,43,.160,0.232,0.24,0.472,34,.215,34,30,soderty01
746,Austin Hedges,-1.1,81,212.0,185.0,14,34.0,5,0,1.0,16.0,1,0,11,47,.184,0.234,0.227,0.461,27,.215,17,42,hedgeau01
747,Cam Gallagher,-1.1,56,149.0,143.0,6,18.0,6,0,0.0,7.0,0,0,4,46,.126,0.154,0.168,0.322,-11,.143,-23,24,gallaca01
748,Jordan Diaz,-1.1,90,293.0,272.0,20,60.0,9,0,10.0,27.0,0,1,17,69,.221,0.273,0.364,0.637,78,.279,82,99,diazjo03
749,Eduardo Escobar#,-1.1,99,309.0,288.0,32,65.0,6,5,6.0,31.0,2,1,18,78,.226,0.269,0.344,0.613,67,.274,65,99,escobed01
750,Austin Barnes,-1.1,59,200.0,178.0,15,32.0,5,0,2.0,11.0,2,1,17,43,.180,0.256,0.242,0.498,37,.232,31,43,barneau01
751,Nick Pratto*,-1.3,95,345.0,306.0,33,71.0,16,0,7.0,35.0,1,1,29,138,.232,0.307,0.353,0.66,80,.291,80,108,prattni01
752,Brandon Crawford*,-1.3,93,320.0,283.0,31,55.0,11,1,7.0,38.0,3,0,28,81,.194,0.273,0.314,0.587,63,.265,60,89,crawfbr01
753,Jurickson Profar#,-1.3,125,521.0,459.0,55,111.0,27,2,9.0,46.0,1,0,50,90,.242,0.321,0.368,0.689,81,.307,77,169,profaju01
754,Oscar González,-1.4,54,180.0,173.0,15,37.0,7,2,2.0,12.0,0,0,5,46,.214,0.239,0.312,0.551,51,.250,54,54,gonzaos01
755,Trey Mancini,-1.4,79,263.0,235.0,31,55.0,12,0,4.0,28.0,0,0,21,78,.234,0.299,0.336,0.635,75,.281,65,79,mancitr01
756,Henry Davis,-1.4,62,255.0,225.0,27,48.0,10,0,7.0,24.0,3,5,25,69,.213,0.302,0.351,0.653,77,.283,76,79,davishe01
757,Harold Castro*,-1.4,99,270.0,258.0,24,65.0,13,0,1.0,31.0,1,0,9,66,.252,0.275,0.314,0.589,54,.266,46,81,castrha01
758,Oswaldo Cabrera#,-1.5,115,330.0,298.0,35,63.0,11,0,5.0,29.0,8,0,25,72,.211,0.275,0.299,0.574,58,.259,50,89,cabreos01
759,Nick Maton*,-1.5,93,293.0,249.0,29,43.0,9,0,8.0,32.0,1,2,38,73,.173,0.288,0.305,0.593,65,.267,63,76,matonni01
760,Michael Toglia#,-1.5,45,152.0,141.0,18,23.0,5,0,4.0,9.0,1,1,10,50,.163,0.224,0.284,0.507,31,.230,22,40,toglimi01
761,Oscar Colás*,-1.5,75,263.0,245.0,32,53.0,9,0,5.0,19.0,4,3,12,71,.216,0.257,0.314,0.571,57,.247,47,77,colasos01
762,Gavin Sheets*,-1.5,118,344.0,311.0,24,63.0,10,0,10.0,43.0,1,0,28,66,.203,0.267,0.331,0.599,64,.267,59,103,sheetga01
763,Jean Segura,-1.9,85,326.0,301.0,25,66.0,5,2,3.0,21.0,6,2,22,47,.219,0.277,0.279,0.556,49,.251,45,84,segurje01
764,Tim Anderson,-2.0,123,524.0,493.0,52,121.0,18,2,1.0,25.0,13,2,26,122,.245,0.286,0.296,0.582,62,.263,54,146,anderti01
765,Diego Castillo,,1,1.0,1.0,0,0.0,0,0,0.0,0.0,0,0,0,0,.000,0.0,0.0,0.0,-100,.000,-125,0,castidi02
,League Average,,,,,,,,,,,,,,,.248,0.32,0.414,0.734,100,.324,100,,-9999
"Provided by <a href=""https://www.sports-reference.com/sharing.html?utm_source=direct&utm_medium=Share&utm_campaign=ShareTool"">Baseball-Reference.com</a>: <a href=""https://www.baseball-reference.com/leagues/majors/2023-standard-batting.shtml?sr&utm_source=direct&utm_medium=Share&utm_campaign=ShareTool#players_standard_batting"">View Original Table</a><br>Generated 10/22/2024.",,,,,,,,,,,,,,,,,,,,,,,,
