"--- When using SR data, please cite us and provide a link and/or a mention."


 
"Rk,Player,WAR,G,PA,AB,R,H,2B,3B,HR,RBI,SB,CS,BB,SO,BA,OBP,SLG,OPS,OPS+,rOBA,Rbat+,TB,Player-additional"
"1,Mookie Betts,8.3,152,693,584,126,179,40,1,39,107,14,3,96,107,.307,.408,.579,.987,165,.424,167,338,bettsmo01"
"2,Ronald Acuña Jr.,8.2,159,735,643,149,217,35,4,41,106,73,14,80,84,.337,.416,.596,1.012,171,.444,173,383,acunaro01"
"3,Matt Olson*,7.4,162,720,608,127,172,27,3,54,139,1,0,104,167,.283,.389,.604,.993,164,.415,161,367,olsonma02"
"4,Marcus Semien,7.4,162,753,670,122,185,40,4,29,100,14,3,72,110,.276,.348,.478,.826,126,.364,127,320,semiema01"
"5,Corey Seager*,6.9,119,536,477,88,156,42,0,33,96,2,1,49,88,.327,.390,.623,1.013,174,.419,169,297,seageco01"
"6,Freddie Freeman*,6.5,161,730,637,131,211,59,2,29,102,23,1,72,121,.331,.410,.567,.976,163,.425,165,361,freemfr01"
"7,Gunnar Henderson*,6.2,150,622,560,100,143,29,9,28,82,10,3,56,159,.255,.325,.489,.814,125,.349,125,274,hendegu01"
"8,Shohei Ohtani*,6.0,135,599,497,102,151,26,8,44,95,20,6,91,143,.304,.412,.654,1.066,185,.435,180,325,ohtansh01"
"9,Francisco Lindor#,6.0,160,687,602,108,153,33,2,31,98,31,4,66,137,.254,.336,.470,.806,121,.355,119,283,lindofr01"
"10,Austin Riley,5.9,159,715,636,117,179,32,3,37,97,3,1,59,172,.281,.345,.516,.861,130,.367,127,328,rileyau01"
"11,Ha-Seong Kim,5.8,152,626,538,84,140,23,0,17,60,38,9,75,124,.260,.351,.398,.749,107,.348,118,214,kimha01"
"12,Wander Franco#,5.5,112,491,442,65,124,23,6,17,58,30,10,42,69,.281,.344,.475,.819,125,.367,133,210,francwa01"
"13,Fernando Tatis Jr.,5.5,141,635,575,91,148,33,1,25,78,29,4,53,141,.257,.322,.449,.770,110,.347,117,258,tatisfe02"
"14,Juan Soto*,5.5,162,708,568,97,156,32,1,35,109,12,5,132,129,.275,.410,.519,.930,155,.398,159,295,sotoju01"
"15,Corbin Carroll*,5.4,155,645,565,116,161,30,10,25,76,54,5,57,125,.285,.362,.506,.868,133,.387,134,286,carroco02"
"16,Kyle Tucker*,5.4,157,674,574,97,163,37,5,29,112,30,5,80,92,.284,.369,.517,.886,142,.381,141,297,tuckeky01"
"17,Andrés Giménez*,5.3,153,616,557,76,140,27,5,15,62,30,6,32,112,.251,.314,.399,.712,96,.318,98,222,gimenan01"
"18,Julio Rodríguez,5.3,155,714,654,102,180,37,2,32,103,37,10,47,175,.275,.333,.485,.818,130,.359,131,317,rodriju01"
"19,Yandy Díaz,5.2,137,600,525,95,173,35,0,22,78,0,1,65,94,.330,.410,.522,.932,157,.399,160,274,diazya01"
"20,J.P. Crawford*,5.1,145,638,534,94,142,35,0,19,65,2,0,94,125,.266,.380,.438,.818,133,.362,136,234,crawfjp01"
"21,José Ramírez#,5.1,156,691,611,87,172,36,5,24,80,28,6,73,73,.282,.356,.475,.831,128,.357,128,290,ramirjo01"
"22,Nico Hoerner,5.1,150,688,619,98,175,27,4,9,68,43,7,49,83,.283,.346,.383,.729,102,.344,104,237,hoernni01"
"23,Luis Robert Jr.,5.0,145,595,546,90,144,36,1,38,80,20,4,30,172,.264,.315,.542,.857,130,.363,126,296,roberlu01"
"24,Ketel Marte#,4.9,150,650,569,94,157,26,9,25,82,8,2,71,109,.276,.358,.485,.844,127,.366,129,276,marteke01"
"25,Bo Bichette,4.9,135,601,571,69,175,30,3,20,73,5,3,27,115,.306,.339,.475,.814,122,.355,127,271,bichebo01"
"26,Luis Arráez*,4.9,147,617,574,71,203,30,3,10,69,3,2,35,34,.354,.393,.469,.861,128,.373,134,269,arraelu01"
"27,Alex Bregman,4.9,161,724,622,103,163,28,4,25,98,3,1,92,87,.262,.363,.441,.804,122,.354,124,274,bregmal01"
"28,Dansby Swanson,4.8,147,638,565,81,138,25,3,22,80,9,1,66,154,.244,.328,.416,.744,104,.328,97,235,swansda01"
"29,Ozzie Albies#,4.7,148,660,596,96,167,30,5,33,109,13,1,46,107,.280,.336,.513,.849,126,.362,120,306,albieoz01"
"30,Yordan Alvarez*,4.6,114,496,410,77,120,24,1,31,97,0,0,69,92,.293,.407,.583,.990,170,.419,172,239,alvaryo01"
"31,Aaron Judge,4.5,106,458,367,79,98,16,0,37,75,3,1,88,130,.267,.406,.613,1.019,175,.421,172,225,judgeaa01"
"32,Xander Bogaerts,4.4,155,665,596,83,170,31,2,19,58,19,2,56,110,.285,.350,.440,.790,117,.349,120,262,bogaexa01"
"33,Matt Chapman,4.4,140,581,509,66,122,39,2,17,54,4,2,62,165,.240,.330,.424,.755,107,.333,111,216,chapmma01"
"34,Bobby Witt Jr.,4.4,158,694,641,97,177,28,11,30,96,49,15,40,121,.276,.319,.495,.813,118,.348,116,317,wittbo02"
"35,Cody Bellinger*,4.4,130,556,499,95,153,29,1,26,97,20,6,40,87,.307,.356,.525,.881,139,.382,135,262,bellico01"
"36,Gabriel Moreno,4.3,111,380,341,33,97,19,1,7,50,6,2,29,75,.284,.339,.408,.747,103,.332,105,139,morenga01"
"37,Adley Rutschman#,4.3,154,687,588,84,163,31,1,20,80,1,2,92,101,.277,.374,.435,.809,128,.350,127,256,rutscad01"
"38,Nolan Jones*,4.3,106,424,367,60,109,22,4,20,62,20,4,53,126,.297,.389,.542,.931,140,.404,140,199,jonesno01"
"39,Bryson Stott*,4.3,151,640,585,78,164,32,2,15,62,31,3,39,100,.280,.329,.419,.747,103,.339,106,245,stottbr01"
"40,Adolis García,4.2,148,632,555,108,136,29,0,39,107,9,1,65,175,.245,.328,.508,.836,127,.360,123,282,garciad02"
"41,Isaac Paredes,4.2,143,571,492,71,123,24,0,31,98,1,0,58,104,.250,.352,.488,.840,130,.367,136,240,paredis01"
"42,Will Smith,4.1,126,554,464,80,121,21,2,19,76,3,0,63,89,.261,.359,.438,.797,116,.349,114,203,smithwi05"
"43,Ke'Bryan Hayes,4.0,124,525,494,65,134,31,7,15,61,10,6,28,104,.271,.309,.453,.762,103,.324,101,224,hayeske01"
"44,Sean Murphy,3.9,108,438,370,65,93,21,0,21,68,0,0,49,98,.251,.365,.478,.844,127,.371,129,177,murphse01"
"45,Brandon Nimmo*,3.9,152,682,592,89,162,30,6,24,68,3,3,74,146,.274,.363,.466,.829,128,.362,130,276,nimmobr01"
"46,Daulton Varsho*,3.9,158,581,527,65,116,23,3,20,61,16,7,45,135,.220,.285,.389,.674,84,.299,87,205,varshda01"
"47,Kevin Kiermaier*,3.9,129,408,370,58,98,21,6,8,36,14,1,29,86,.265,.322,.419,.741,103,.330,104,155,kiermke01"
"48,Jeremy Peña,3.8,150,634,577,81,152,32,3,10,52,13,9,43,129,.263,.324,.381,.705,95,.315,99,220,penaje02"
"49,TJ Friedl*,3.8,138,556,488,73,136,22,8,18,66,27,6,47,90,.279,.352,.467,.819,117,.363,120,228,friedtj01"
"50,Christian Walker,3.8,157,661,582,86,150,36,2,33,103,11,0,62,127,.258,.333,.497,.830,122,.356,120,289,walkech02"
"51,William Contreras,3.8,141,611,540,86,156,38,1,17,78,6,1,63,126,.289,.367,.457,.825,124,.362,127,247,contrwi02"
"52,Josh Lowe*,3.7,135,501,466,71,136,33,2,20,83,32,3,31,124,.292,.335,.500,.835,128,.370,130,233,lowejo01"
"53,Bryce Harper*,3.7,126,546,457,84,134,29,1,21,72,11,3,80,119,.293,.401,.499,.900,145,.387,145,228,harpebr03"
"54,Matt McLain,3.7,89,403,365,65,106,23,4,16,50,14,5,31,115,.290,.357,.507,.864,127,.381,135,185,mclaima01"
"55,Chas McCormick,3.6,115,457,403,59,110,17,2,22,70,19,6,40,117,.273,.353,.489,.842,130,.367,132,197,mccorch01"
"56,Christian Yelich*,3.6,144,632,550,106,153,34,1,19,76,28,3,78,140,.278,.370,.447,.818,123,.366,126,246,yelicch01"
"57,J.T. Realmuto,3.6,135,540,489,70,123,28,5,20,63,16,5,35,138,.252,.310,.452,.762,105,.339,110,221,realmjt01"
"58,Steven Kwan*,3.6,158,718,638,93,171,36,7,5,54,21,3,70,75,.268,.340,.370,.710,97,.319,100,236,kwanst01"
"59,Randy Arozarena,3.5,151,654,551,95,140,19,3,23,83,22,10,80,156,.254,.364,.425,.789,119,.351,125,234,arozara01"
"60,Rafael Devers*,3.5,153,656,580,90,157,34,0,33,100,5,1,62,126,.271,.351,.500,.851,126,.365,126,290,deverra01"
"61,Brandon Marsh*,3.4,133,472,404,58,112,25,6,12,60,10,2,59,144,.277,.372,.458,.829,126,.367,130,185,marshbr02"
"62,Michael Harris II*,3.4,138,539,505,76,148,33,3,18,57,20,4,25,101,.293,.331,.477,.808,116,.351,112,241,harrimi04"
"63,Trea Turner,3.4,155,691,639,102,170,35,5,26,76,30,0,45,150,.266,.320,.459,.778,110,.349,112,293,turnetr01"
"64,Willson Contreras,3.4,125,495,428,55,113,27,0,20,67,6,3,51,111,.264,.358,.467,.826,123,.368,132,200,contrwi01"
"65,Paul Goldschmidt,3.4,154,687,593,89,159,31,0,25,80,11,2,87,161,.268,.363,.447,.810,120,.355,120,265,goldspa01"
"66,CJ Abrams*,3.4,151,614,563,83,138,28,6,18,64,47,4,32,118,.245,.300,.412,.712,96,.324,93,232,abramcj01"
"67,Lars Nootbaar*,3.3,117,503,426,74,111,23,1,14,46,11,1,72,99,.261,.367,.418,.784,114,.354,119,178,nootbla01"
"68,Lane Thomas,3.3,156,682,628,101,168,36,3,28,86,20,5,36,176,.268,.315,.468,.783,115,.343,115,294,thomala02"
"69,Marcell Ozuna,3.3,144,592,530,84,145,29,1,40,100,0,0,57,134,.274,.346,.558,.905,140,.384,139,296,ozunama01"
"70,James Outman*,3.3,151,567,483,86,120,16,3,23,70,16,3,68,181,.248,.353,.437,.790,114,.349,112,211,outmaja01"
"71,Ryan Jeffers,3.3,96,335,286,46,79,15,2,14,43,3,2,33,93,.276,.369,.490,.858,133,.368,135,140,jeffery01"
"72,Anthony Volpe,3.3,159,601,541,62,113,23,4,21,60,24,5,52,167,.209,.283,.383,.666,81,.299,80,207,volpean01"
"73,Cal Raleigh#,3.2,145,569,513,78,119,23,1,30,75,0,0,54,158,.232,.306,.456,.762,114,.331,113,234,raleica01"
"74,Yainer Diaz,3.2,104,377,355,51,100,22,0,23,60,0,0,11,74,.282,.308,.538,.846,128,.363,131,191,diazya02"
"75,Pete Alonso,3.2,154,658,568,92,123,21,2,46,118,4,1,65,151,.217,.318,.504,.821,123,.351,121,286,alonspe01"
"76,Anthony Santander#,3.0,153,656,591,81,152,41,1,28,95,5,1,55,152,.257,.325,.472,.797,121,.341,119,279,santaan02"
"77,Ian Happ#,3.0,158,691,580,86,144,35,4,21,84,14,3,99,153,.248,.360,.431,.791,118,.351,114,250,happia01"
"78,Willy Adames,3.0,149,638,553,73,120,29,2,24,80,5,3,71,165,.217,.310,.407,.717,94,.313,94,225,adamewi01"
"79,Lourdes Gurriel Jr.,3.0,145,592,551,65,144,35,2,24,82,5,0,33,103,.261,.309,.463,.772,107,.333,105,255,gurrilo01"
"80,Ryan McMahon*,2.9,152,627,555,80,133,31,3,23,70,5,5,68,198,.240,.322,.431,.753,94,.326,90,239,mcmahry01"
"81,Gleyber Torres,2.9,158,672,596,90,163,28,2,25,68,13,6,67,98,.273,.347,.453,.800,118,.344,116,270,torregl01"
"82,Spencer Steer,2.9,156,665,582,74,158,37,3,23,86,15,3,68,139,.271,.356,.464,.820,117,.360,120,270,steersp01"
"83,Manny Machado,2.9,138,601,543,75,140,21,0,30,91,3,2,50,109,.258,.319,.462,.782,113,.337,115,251,machama01"
"84,Jeimer Candelario#,2.9,140,576,505,77,127,39,3,22,70,8,1,53,127,.251,.336,.471,.807,121,.353,121,238,candeje01"
"85,Mike Trout,2.9,82,362,308,54,81,14,1,18,44,2,0,45,104,.263,.367,.490,.858,132,.366,129,151,troutmi01"
"86,Jonah Heim#,2.9,131,501,457,61,118,28,0,18,95,2,0,40,96,.258,.317,.438,.755,106,.329,103,200,heimjo01"
"87,Max Kepler*,2.9,130,491,438,72,114,22,2,24,66,1,1,45,106,.260,.332,.484,.816,120,.353,124,212,keplema01"
"88,Seiya Suzuki,2.8,138,583,515,75,147,31,6,20,74,6,7,59,130,.285,.357,.485,.842,130,.357,122,250,suzukse01"
"89,Jose Altuve,2.8,90,410,360,76,112,21,2,17,51,14,2,44,71,.311,.393,.522,.915,151,.396,151,188,altuvjo01"
"90,Cedric Mullins*,2.8,116,455,404,51,94,23,3,15,74,19,3,43,101,.233,.305,.416,.721,101,.316,97,168,mullice01"
"91,Luke Raley*,2.8,118,406,357,56,89,23,3,19,49,14,3,28,128,.249,.333,.490,.824,125,.358,127,175,raleylu01"
"92,Mauricio Dubón,2.7,132,492,467,76,130,26,3,10,46,7,2,19,70,.278,.309,.411,.720,97,.324,103,192,dubonma01"
"93,Willi Castro#,2.7,124,409,358,60,92,18,5,9,34,33,5,34,99,.257,.339,.411,.750,105,.341,106,147,castrwi01"
"94,Carlos Santana#,2.7,146,619,550,78,132,33,1,23,86,6,0,65,104,.240,.318,.429,.747,101,.331,104,236,santaca01"
"95,LaMonte Wade Jr.*,2.7,135,519,429,64,110,14,2,17,45,2,0,76,95,.256,.373,.417,.790,120,.355,125,179,wadela01"
"96,Max Muncy*,2.6,135,579,482,95,102,17,1,36,105,1,2,85,153,.212,.333,.475,.808,117,.345,113,229,muncyma01"
"97,Wilmer Flores,2.6,126,454,405,51,115,22,0,23,60,0,0,41,63,.284,.355,.509,.863,137,.369,135,206,florewi01"
"98,Edouard Julien*,2.6,109,408,338,60,89,16,1,16,37,3,0,64,128,.263,.381,.459,.839,130,.366,131,155,julieed01"
"99,Zack Gelof,2.6,69,300,270,40,72,20,1,14,32,14,2,26,82,.267,.337,.504,.840,134,.361,134,136,gelofza01"
"100,Alex Verdugo*,2.6,142,602,546,81,144,37,5,13,54,5,3,45,93,.264,.324,.421,.745,100,.324,98,230,verdual01"
"101,Leody Taveras#,2.6,143,554,511,67,136,31,3,14,67,14,4,35,117,.266,.312,.421,.733,101,.321,96,215,taverle01"
"102,Nathaniel Lowe*,2.6,161,724,623,89,163,38,3,17,82,1,0,93,165,.262,.360,.414,.775,114,.344,113,258,lowena01"
"103,Austin Hays,2.5,144,566,520,76,143,36,2,16,67,5,1,38,141,.275,.325,.444,.769,114,.330,111,231,haysau01"
"104,Jake Burger,2.5,141,540,492,71,123,28,1,34,80,1,1,32,149,.250,.309,.518,.828,119,.354,121,255,burgeja01"
"105,Johan Rojas,2.5,59,164,149,24,45,9,2,2,23,14,1,5,42,.302,.342,.430,.771,110,.347,106,64,rojasjo03"
"106,Ezequiel Tovar,2.5,153,615,581,79,147,37,4,15,73,11,5,25,166,.253,.287,.408,.695,79,.305,74,237,tovarez01"
"107,Josh Naylor*,2.5,121,495,452,52,139,31,0,17,97,10,3,33,68,.308,.354,.489,.842,130,.357,130,221,naylojo01"
"108,Royce Lewis,2.4,58,239,217,36,67,7,0,15,52,6,1,20,55,.309,.372,.548,.921,149,.393,149,119,lewisro02"
"109,Nolan Gorman*,2.4,119,464,406,59,96,17,0,27,76,7,2,53,148,.236,.328,.478,.805,116,.347,115,194,gormano01"
"110,Bryan Reynolds#,2.4,145,640,574,85,151,31,5,24,84,12,1,53,138,.263,.330,.460,.790,111,.343,111,264,reynobr01"
"111,Mike Tauchman*,2.4,108,401,337,64,85,18,0,8,48,7,1,56,86,.252,.363,.377,.739,105,.342,107,127,tauchmi01"
"112,Jon Berti,2.4,133,424,388,53,114,16,3,7,33,16,6,29,77,.294,.344,.405,.748,98,.331,102,157,bertijo01"
"113,José Caballero,2.4,104,280,231,37,51,9,1,4,26,26,3,28,66,.221,.343,.320,.663,92,.323,96,74,cabaljo01"
"114,Nolan Arenado,2.4,144,612,560,71,149,26,2,26,93,3,3,41,101,.266,.315,.459,.774,108,.335,109,257,arenano01"
"115,Josh Jung,2.4,122,515,478,75,127,25,1,23,70,1,3,30,151,.266,.315,.467,.781,113,.334,108,223,jungjo01"
"116,Gary Sánchez,2.4,75,267,240,33,52,9,0,19,47,0,0,21,67,.217,.288,.492,.780,110,.337,115,118,sanchga02"
"117,Mike Yastrzemski*,2.4,106,381,330,54,77,23,1,15,43,2,2,45,99,.233,.330,.445,.775,114,.333,111,147,yastrmi01"
"118,Jeff McNeil*,2.4,156,648,585,75,158,25,4,10,55,10,0,39,65,.270,.333,.378,.711,97,.320,97,221,mcneije01"
"119,Eugenio Suárez,2.3,162,694,598,68,139,29,0,22,96,2,1,70,214,.232,.323,.391,.714,103,.315,103,234,suareeu01"
"120,Ryan Noda*,2.3,128,495,406,63,93,22,1,16,54,3,1,77,170,.229,.364,.406,.770,118,.340,124,165,nodary01"
"121,Geraldo Perdomo#,2.3,144,495,407,71,100,20,4,6,47,16,4,64,86,.246,.353,.359,.712,95,.323,97,146,perdoge01"
"122,Thairo Estrada,2.3,120,530,495,63,134,26,2,14,49,23,7,22,120,.271,.315,.416,.731,102,.325,101,206,estrath01"
"123,Triston Casas*,2.2,132,502,429,66,113,21,2,24,65,0,0,70,126,.263,.367,.490,.856,129,.369,130,210,casastr01"
"124,Jack Suwinski*,2.2,144,534,447,63,100,21,2,26,74,13,2,75,172,.224,.339,.454,.793,113,.349,115,203,suwinja01"
"125,Brent Rooker,2.2,137,526,463,61,114,20,1,30,69,4,0,49,172,.246,.329,.488,.817,127,.351,131,226,rookebr01"
"126,Matt Wallner*,2.2,76,254,213,42,53,11,1,14,41,2,1,28,80,.249,.370,.507,.877,138,.386,147,108,wallnma01"
"127,Connor Wong,2.2,126,403,371,55,87,25,2,9,36,8,2,22,134,.235,.288,.385,.673,80,.299,78,143,wongco01"
"128,Mickey Moniak*,2.2,85,323,311,35,87,21,2,14,45,6,3,9,113,.280,.307,.495,.802,114,.339,111,154,moniami01"
"129,Mark Canha,2.2,139,507,435,51,114,25,1,11,62,11,1,49,79,.262,.355,.400,.755,108,.340,111,174,canhama01"
"130,Mitch Garver,2.1,87,344,296,45,80,11,0,19,50,0,0,44,82,.270,.370,.500,.870,138,.381,140,148,garvemi01"
"131,Teoscar Hernández,2.1,160,678,625,70,161,29,2,26,93,7,2,38,211,.258,.305,.435,.741,108,.318,104,272,hernate01"
"132,Tommy Edman#,2.1,137,528,479,69,119,25,4,13,47,27,4,35,84,.248,.307,.399,.705,91,.319,91,191,edmanto01"
"133,Justin Turner,2.1,146,626,558,86,154,31,0,23,96,4,1,51,110,.276,.345,.455,.800,114,.350,116,254,turneju01"
"134,Jarren Duran*,2.1,102,362,332,46,98,34,2,8,40,24,2,24,90,.295,.346,.482,.828,121,.366,119,160,duranja01"
"135,Brandon Lowe*,2.1,109,436,377,58,87,15,1,21,68,7,0,50,119,.231,.328,.443,.771,112,.340,114,167,lowebr01"
"136,George Springer,2.1,154,683,613,87,158,25,1,21,72,20,5,60,125,.258,.327,.405,.732,102,.327,105,248,springe01"
"137,Ryan Mountcastle,2.1,115,470,423,64,114,21,1,18,68,3,1,37,107,.270,.328,.452,.779,117,.335,116,191,mountry01"
"138,Harold Ramírez,2.1,122,434,400,58,125,19,2,12,68,5,3,22,79,.313,.353,.460,.813,124,.356,129,184,ramirha02"
"139,Kyle Isbel*,2.1,91,313,292,45,70,22,2,5,34,7,1,17,59,.240,.282,.380,.662,79,.289,75,111,isbelky01"
"140,Jared Triolo,2.1,54,209,181,30,54,9,0,3,21,6,1,24,63,.298,.388,.398,.785,114,.367,128,72,triolja01"
"141,Brandon Belt*,2.0,103,404,339,53,86,23,0,19,43,0,0,61,141,.254,.369,.490,.858,135,.373,139,166,beltbr01"
"142,Jarred Kelenic*,2.0,105,416,372,44,94,25,2,11,49,13,5,41,132,.253,.327,.419,.746,111,.327,110,156,kelenja01"
"143,Taylor Walls#,2.0,99,349,303,50,61,12,2,8,36,22,1,44,92,.201,.305,.333,.638,78,.302,80,101,wallsta01"
"144,Trent Grisham*,2.0,153,555,469,67,93,31,1,13,50,15,3,75,154,.198,.315,.352,.666,84,.309,92,165,grishtr01"
"145,Vladimir Guerrero Jr.,2.0,156,682,602,78,159,30,0,26,94,5,3,67,100,.264,.345,.444,.788,116,.346,121,267,guerrvl02"
"146,Andy Ibáñez,2.0,114,383,356,42,94,23,2,11,41,1,0,24,69,.264,.312,.433,.744,103,.320,98,154,ibanean01"
"147,Jorge Polanco#,2.0,80,343,302,38,77,18,0,14,48,4,0,36,88,.255,.335,.454,.789,114,.341,112,137,polanjo01"
"148,Kerry Carpenter*,1.9,118,459,418,57,116,17,2,20,64,6,0,32,115,.278,.340,.471,.811,122,.351,118,197,carpeke01"
"149,Alejandro Kirk,1.9,123,422,372,34,93,16,0,8,43,0,0,42,45,.250,.334,.358,.692,92,.308,93,133,kirkal01"
"150,Jason Heyward*,1.9,124,377,334,56,90,23,0,15,40,2,2,34,64,.269,.340,.473,.813,119,.355,120,158,heywaja01"
"151,Brandon Drury,1.9,125,523,485,61,127,30,3,26,83,0,2,25,136,.262,.306,.497,.803,114,.339,112,241,drurybr01"
"152,Michael A. Taylor,1.9,129,388,355,48,78,14,1,21,51,13,1,26,130,.220,.278,.442,.720,93,.316,92,157,taylomi02"
"153,J.D. Martinez,1.9,113,479,432,61,117,27,2,33,103,1,0,34,149,.271,.321,.572,.893,136,.372,131,247,martijd02"
"154,Luis Rengifo#,1.9,126,445,394,55,104,15,4,16,51,6,4,41,82,.264,.339,.444,.783,112,.339,112,175,rengilu01"
"155,Brendan Donovan*,1.9,95,371,327,48,93,10,1,11,34,5,1,33,53,.284,.365,.422,.787,114,.358,123,138,donovbr01"
"156,Riley Greene*,1.9,99,416,378,51,109,19,4,11,37,7,0,35,114,.288,.349,.447,.796,119,.351,118,169,greenri03"
"157,Stone Garrett,1.9,89,271,234,40,63,17,0,9,40,3,1,26,82,.269,.343,.457,.801,121,.354,124,107,garrest01"
"158,Ramón Laureano,1.8,105,404,361,46,81,18,4,9,35,12,1,33,114,.224,.304,.371,.676,89,.305,93,134,laurera01"
"159,Davis Schneider,1.8,35,141,116,23,32,12,1,8,20,1,0,21,43,.276,.404,.603,1.008,174,.429,179,70,schneda03"
"160,Nicky Lopez*,1.8,93,262,225,32,52,8,3,1,25,6,2,26,40,.231,.326,.307,.632,75,.292,77,69,lopezni01"
"161,Jorge Soler,1.8,137,580,504,77,126,24,0,36,75,1,0,66,141,.250,.341,.512,.853,123,.364,126,258,solerjo01"
"162,Ramón Urías,1.8,116,396,360,45,95,22,3,4,42,3,1,27,101,.264,.328,.375,.703,98,.313,100,135,uriasra01"
"163,Kyle Farmer,1.7,120,369,336,49,86,14,2,11,46,2,4,23,86,.256,.317,.408,.725,97,.322,104,137,farmeky01"
"164,Adam Frazier*,1.7,141,455,412,59,99,21,2,13,60,11,4,32,68,.240,.300,.396,.696,94,.307,95,163,fraziad01"
"165,Jose Siri,1.7,101,364,338,58,75,13,2,25,56,12,3,20,130,.222,.267,.494,.761,105,.322,102,167,sirijo01"
"166,Jesús Sánchez*,1.7,125,402,360,43,91,23,3,14,52,3,1,38,107,.253,.327,.450,.777,104,.343,111,162,sanchje02"
"167,Freddy Fermin,1.7,70,235,217,26,61,10,1,9,32,0,0,13,50,.281,.321,.461,.781,110,.335,110,100,fermifr01"
"168,Yan Gomes,1.7,116,419,382,44,102,20,2,10,63,1,0,21,81,.267,.315,.408,.723,98,.313,87,156,gomesya01"
"169,Taylor Ward,1.7,97,409,356,60,90,18,0,14,47,4,2,39,80,.253,.335,.421,.756,105,.336,108,150,wardta01"
"170,Donovan Solano,1.7,134,450,394,43,111,26,1,5,38,0,0,40,100,.282,.369,.391,.760,110,.341,114,154,solando01"
"171,Danny Jansen,1.6,86,301,268,38,61,15,0,17,53,0,0,23,62,.228,.312,.474,.786,114,.337,114,127,janseda01"
"172,Will Benson*,1.6,108,329,287,51,79,15,8,11,31,19,3,40,103,.275,.365,.498,.863,128,.383,132,143,bensowi01"
"173,Zach Neto,1.6,84,329,289,38,65,17,0,9,34,5,1,20,77,.225,.308,.377,.685,86,.313,90,109,netoza01"
"174,Orlando Arcia,1.6,139,533,488,66,129,25,0,17,65,1,0,39,102,.264,.321,.420,.741,99,.325,96,205,arciaor01"
"175,Adam Duvall,1.6,92,353,320,45,79,24,2,21,58,4,0,22,110,.247,.303,.531,.834,119,.349,114,170,duvalad01"
"176,Brice Turang*,1.6,137,448,404,46,88,9,3,6,34,26,4,38,94,.218,.285,.300,.585,61,.277,61,121,turanbr02"
"177,Evan Carter*,1.6,23,75,62,15,19,4,1,5,12,3,0,12,24,.306,.413,.645,1.058,187,.441,177,40,carteev01"
"178,Jake Meyers,1.6,112,341,309,42,70,16,1,10,33,5,2,26,88,.227,.296,.382,.678,86,.302,87,118,meyerja02"
"179,Tommy Pham,1.5,129,481,426,55,109,27,3,16,68,22,3,47,106,.256,.328,.446,.774,111,.342,109,190,phamth01"
"180,Bo Naylor*,1.5,67,230,198,33,47,13,0,11,32,5,0,30,53,.237,.339,.470,.809,121,.350,122,93,naylobo01"
"181,Nick Castellanos,1.5,157,671,626,79,170,37,2,29,106,11,2,36,185,.272,.311,.476,.788,112,.342,112,298,casteni01"
"182,Andrew McCutchen,1.5,112,473,390,55,100,19,0,12,43,11,3,75,100,.256,.378,.397,.776,112,.348,115,155,mccutan01"
"183,Matt Vierling,1.5,134,530,479,63,125,21,5,10,44,6,6,44,112,.261,.329,.388,.717,98,.316,98,186,vierlma01"
"184,Chris Taylor,1.4,117,384,338,51,80,15,1,15,56,16,3,41,125,.237,.326,.420,.746,102,.333,100,142,tayloch03"
"185,Travis Jankowski*,1.4,107,287,247,34,65,12,1,1,30,19,1,35,42,.263,.357,.332,.689,93,.332,96,82,jankotr01"
"186,Carlos Correa,1.4,135,580,514,60,118,29,2,18,65,0,0,59,131,.230,.312,.399,.711,94,.312,94,205,correca01"
"187,Elias Díaz,1.4,141,526,486,48,130,25,1,14,72,1,0,34,118,.267,.316,.409,.725,87,.323,86,199,diazel01"
"188,Jonathan India,1.4,119,529,454,78,111,23,0,17,61,14,2,52,109,.244,.338,.407,.746,98,.337,103,185,indiajo01"
"189,Masataka Yoshida*,1.4,140,580,537,71,155,33,3,15,72,8,0,34,81,.289,.338,.445,.783,109,.348,112,239,yoshima02"
"190,Charlie Blackmon*,1.3,96,413,359,57,100,24,5,8,40,4,1,39,55,.279,.363,.440,.803,109,.355,109,158,blackch02"
"191,Andruw Monasterio,1.3,92,315,282,38,73,14,1,3,27,7,2,28,66,.259,.330,.348,.678,86,.310,90,98,monasan01"
"192,Keibert Ruiz#,1.3,136,562,523,55,136,24,0,18,67,1,1,31,58,.260,.308,.409,.717,98,.314,97,214,ruizke01"
"193,DJ LeMahieu,1.3,136,562,497,55,121,22,3,15,44,2,2,60,125,.243,.327,.390,.718,96,.315,96,194,lemahdj01"
"194,Garrett Hampson,1.3,98,252,221,30,61,12,1,3,23,5,0,23,67,.276,.349,.380,.729,95,.342,108,84,hampsga01"
"195,Miguel Rojas,1.3,124,423,385,49,91,16,1,5,31,8,3,26,48,.236,.290,.322,.612,67,.284,68,124,rojasmi02"
"196,Blake Perkins#,1.2,67,168,143,28,31,7,0,4,20,5,2,23,46,.217,.325,.350,.675,85,.303,85,50,perkibl01"
"197,Jordan Westburg,1.2,68,228,208,26,54,17,2,3,23,4,1,16,56,.260,.311,.404,.715,100,.316,101,84,westbjo01"
"198,Ryan O'Hearn*,1.2,112,368,346,48,100,22,1,14,60,5,1,15,82,.289,.322,.480,.801,122,.343,120,166,ohearry01"
"199,Randal Grichuk,1.2,118,471,434,65,116,31,2,16,44,2,2,29,96,.267,.321,.459,.779,104,.336,103,199,grichra01"
"200,Nick Madrigal,1.2,92,294,270,34,71,16,1,2,28,10,2,10,24,.263,.311,.352,.663,83,.298,74,95,madrini01"
"201,Tom Murphy,1.2,47,159,145,19,42,12,0,8,17,0,0,10,44,.290,.335,.538,.873,144,.365,138,78,murphto04"
"202,Dairon Blanco,1.2,69,138,124,19,32,7,4,3,18,24,5,10,33,.258,.324,.452,.775,109,.370,120,56,blancda02"
"203,Jazz Chisholm Jr.*,1.2,97,383,352,50,88,12,2,19,51,22,3,26,118,.250,.304,.457,.761,99,.342,104,161,chishja01"
"204,Nelson Velázquez,1.2,53,179,162,35,38,6,0,17,34,0,0,14,51,.235,.302,.586,.888,135,.381,142,95,velazne01"
"205,Christopher Morel,1.2,107,429,388,62,96,17,3,26,70,6,2,36,133,.247,.313,.508,.821,122,.351,115,197,morelch01"
"206,Sal Frelick*,1.2,57,223,191,29,47,9,1,3,24,7,0,28,37,.246,.341,.351,.692,90,.315,89,67,frelisa01"
"207,Luis Campusano,1.1,49,174,163,27,52,7,0,7,30,0,0,7,21,.319,.356,.491,.847,131,.367,136,80,campulu01"
"208,Myles Straw,1.1,147,518,462,52,110,18,3,1,29,20,6,42,97,.238,.301,.297,.597,67,.275,69,137,strawmy01"
"209,Zach McKinstry*,1.1,148,518,464,60,107,21,4,9,35,16,6,44,113,.231,.302,.351,.654,81,.296,81,163,mckinza01"
"210,Eddie Rosario*,1.1,142,516,478,64,122,24,3,21,74,3,4,34,122,.255,.305,.450,.755,101,.324,98,215,rosared01"
"211,Alek Thomas*,1.1,125,402,374,51,86,17,5,9,39,9,1,19,86,.230,.273,.374,.647,74,.291,74,140,thomaal01"
"212,Shea Langeliers,1.1,135,490,448,52,92,19,4,22,63,3,2,34,143,.205,.268,.413,.681,89,.293,91,185,langesh01"
"213,Alex Call,1.1,128,439,375,43,75,14,1,8,38,9,8,53,78,.200,.307,.307,.614,72,.282,77,115,callal02"
"214,Maikel Garcia,1.1,123,515,464,59,126,20,4,4,50,23,7,38,115,.272,.323,.358,.681,86,.305,87,166,garcima01"
"215,Riley Adams,1.0,44,158,143,8,39,13,2,4,21,0,0,11,45,.273,.331,.476,.807,121,.345,118,68,adamsri03"
"216,Andrew Knizner,1.0,70,241,224,30,54,11,0,10,31,2,0,12,62,.241,.288,.424,.712,91,.309,88,95,kniznan01"
"217,Cade Marlowe*,1.0,34,100,88,14,21,3,2,3,11,4,2,12,33,.239,.330,.420,.750,113,.325,110,37,marloca01"
"218,Jake Cronenworth*,1.0,127,522,458,54,105,24,7,10,48,6,1,46,97,.229,.312,.378,.689,89,.306,92,173,croneja01"
"219,Francisco Alvarez,1.0,123,423,382,51,80,12,0,25,63,2,0,34,110,.209,.284,.437,.721,96,.311,92,167,alvarfr01"
"220,Ernie Clement,1.0,29,52,50,7,19,1,1,1,10,1,0,1,4,.380,.385,.500,.885,143,.381,142,25,clemeer01"
"221,Joey Wiemer,0.9,132,410,367,48,75,19,0,13,42,11,4,36,116,.204,.283,.362,.645,75,.293,78,133,wiemejo01"
"222,Parker Meadows*,0.9,37,145,125,19,29,4,2,3,13,8,1,17,37,.232,.331,.368,.699,94,.329,99,46,meadopa01"
"223,Andrew Vaughn,0.9,152,615,566,67,146,30,2,21,80,0,0,36,129,.258,.314,.429,.743,102,.325,101,243,vaughan01"
"224,J.D. Davis,0.9,144,546,480,61,119,23,1,18,69,1,0,52,152,.248,.325,.413,.738,104,.326,105,198,davisjd01"
"225,Ezequiel Durán,0.9,122,439,406,55,112,22,2,14,46,8,4,23,120,.276,.324,.443,.768,110,.332,106,180,duranez01"
"226,Dominic Smith*,0.9,153,586,527,57,134,21,1,12,46,1,1,47,91,.254,.326,.366,.692,93,.310,94,193,smithdo02"
"227,Jake Fraley*,0.9,111,380,336,41,86,18,0,15,65,21,5,37,71,.256,.339,.443,.783,107,.349,110,149,fraleja01"
"228,Luke Maile,0.9,74,199,179,17,42,10,0,6,25,2,1,14,49,.235,.308,.391,.699,85,.320,93,70,mailelu01"
"229,Brenton Doyle,0.9,126,431,399,48,81,16,5,10,48,22,5,22,151,.203,.250,.343,.593,53,.269,44,137,doylebr02"
"230,Josh Smith*,0.9,90,232,195,29,36,8,1,6,15,1,0,25,55,.185,.304,.328,.633,76,.293,76,64,smithjo11"
"231,Elly De La Cruz#,0.8,98,427,388,67,91,15,7,13,44,35,8,35,144,.235,.300,.410,.710,87,.319,86,159,delacel01"
"232,Noelvi Marté,0.8,35,123,114,15,36,7,0,3,15,6,2,8,25,.316,.366,.456,.822,118,.355,116,52,marteno01"
"233,Jorge Mateo,0.8,116,350,318,58,69,14,2,7,34,32,5,22,82,.217,.267,.340,.607,70,.282,67,108,mateojo01"
"234,Patrick Bailey#,0.8,97,353,326,29,76,18,1,7,48,1,0,21,100,.233,.285,.359,.644,78,.284,74,117,bailepa01"
"235,Trevor Story,0.8,43,168,158,12,32,9,0,3,14,10,3,9,55,.203,.250,.316,.566,52,.272,58,50,storytr01"
"236,Gio Urshela,0.8,62,228,214,22,64,8,1,2,24,3,2,10,36,.299,.329,.374,.703,92,.310,91,80,urshegi01"
"237,Wilyer Abreu*,0.8,28,85,76,10,24,6,0,2,14,3,1,9,23,.316,.388,.474,.862,132,.373,131,36,abreuwi02"
"238,Spencer Torkelson,0.8,159,684,606,88,141,34,1,31,94,3,0,67,171,.233,.313,.446,.758,107,.332,106,270,torkesp01"
"239,Cavan Biggio*,0.8,111,338,289,54,68,12,0,9,40,5,2,40,88,.235,.340,.370,.710,97,.317,99,107,biggica01"
"240,Byron Buxton,0.8,85,347,304,49,63,17,1,17,42,9,0,35,109,.207,.294,.438,.731,97,.321,96,133,buxtoby01"
"241,Mike Ford*,0.8,83,251,219,32,50,6,0,16,34,0,0,24,81,.228,.323,.475,.798,124,.341,121,104,fordmi01"
"242,Jake Rogers,0.7,107,365,331,47,73,11,0,21,49,1,1,28,118,.221,.286,.444,.730,98,.310,92,147,rogerja03"
"243,Ildemaro Vargas#,0.7,86,286,262,32,66,13,2,4,31,1,1,19,20,.252,.304,.363,.666,85,.297,84,95,vargail01"
"244,Dominic Fletcher*,0.7,28,102,93,10,28,5,1,2,14,0,2,7,22,.301,.350,.441,.791,114,.328,110,41,fletcdo01"
"245,Christian Bethancourt,0.7,104,332,315,49,71,16,0,11,33,1,0,13,91,.225,.254,.381,.635,73,.281,74,120,bethach01"
"246,Connor Joe,0.7,133,472,413,63,102,31,4,11,42,3,5,50,110,.247,.339,.421,.760,105,.332,108,174,joeco01"
"247,Luis García Jr.*,0.7,122,482,447,61,119,18,4,9,50,9,4,27,60,.266,.304,.385,.688,90,.302,88,172,garcilu04"
"248,Austin Slater,0.7,89,207,185,24,50,9,0,5,20,2,2,20,58,.270,.348,.400,.748,108,.339,116,74,slateau01"
"249,Drew Waters#,0.7,98,337,302,40,69,11,5,8,32,16,5,27,107,.228,.300,.377,.677,84,.302,84,114,waterdr01"
"250,Victor Caratini#,0.7,62,226,201,23,52,4,0,7,25,1,1,19,45,.259,.327,.383,.711,94,.320,99,77,caratvi01"
"251,Cristian Pache,0.7,48,95,84,12,20,7,1,2,11,2,3,10,27,.238,.319,.417,.736,100,.318,105,35,pachecr01"
"252,Whit Merrifield,0.7,145,592,547,66,149,27,0,11,67,26,10,36,101,.272,.318,.382,.700,93,.311,94,209,merriwh01"
"253,Edmundo Sosa,0.7,104,300,279,34,70,15,2,10,30,4,2,8,74,.251,.293,.427,.719,94,.310,91,119,sosaed01"
"254,Garrett Mitchell*,0.7,19,73,65,10,16,2,1,3,7,1,1,7,26,.246,.315,.446,.761,105,.334,111,29,mitchga01"
"255,Michael Conforto*,0.7,125,470,406,58,97,14,0,15,58,4,0,53,106,.239,.334,.384,.718,100,.317,96,156,confomi01"
"256,Tyler Stephenson,0.7,142,517,465,59,113,20,2,13,56,0,1,47,135,.243,.317,.378,.696,85,.318,92,176,stephty01"
"257,Ty France,0.7,158,665,587,79,147,32,0,12,58,1,0,43,117,.250,.337,.366,.703,101,.318,104,215,francty01"
"258,Yoán Moncada#,0.7,92,357,334,39,87,20,1,11,40,1,0,20,107,.260,.305,.425,.730,99,.320,97,142,moncayo01"
"259,Kyle Schwarber*,0.6,160,720,585,108,115,19,1,47,104,0,2,126,215,.197,.343,.474,.817,121,.349,120,277,schwaky01"
"260,David Peralta*,0.6,133,422,394,47,102,25,1,7,55,4,1,20,72,.259,.294,.381,.675,82,.302,80,150,peralda01"
"261,Manuel Margot,0.6,99,336,311,39,82,21,1,4,38,9,3,18,55,.264,.310,.376,.686,90,.303,89,117,margoma01"
"262,Christian Encarnacion-Strand,0.6,63,241,222,29,60,7,0,13,37,2,0,14,69,.270,.328,.477,.805,112,.353,115,106,encarch01"
"263,Akil Baddoo*,0.6,112,357,312,40,68,13,1,11,34,14,3,42,89,.218,.310,.372,.682,88,.302,82,116,baddoak01"
"264,Logan O'Hoppe,0.6,51,199,182,23,43,6,0,14,29,0,1,14,48,.236,.296,.500,.796,112,.331,107,91,ohopplo01"
"265,Joc Pederson*,0.6,121,425,358,59,84,14,3,15,51,0,0,57,89,.235,.348,.416,.764,112,.335,111,149,pederjo01"
"266,Sean Bouchard,0.6,21,43,38,11,12,2,0,4,7,0,1,4,14,.316,.372,.684,1.056,167,.458,191,26,bouchse01"
"267,Nick Loftin,0.6,19,68,62,10,20,5,1,0,10,2,0,4,12,.323,.368,.435,.803,119,.363,126,27,loftini01"
"268,Jacob Young,0.6,33,121,107,9,27,7,1,0,12,13,0,10,22,.252,.322,.336,.658,84,.316,79,36,youngja03"
"269,Javier Báez,0.6,136,547,510,58,113,18,4,9,59,12,0,24,125,.222,.267,.325,.593,63,.275,63,166,baezja01"
"270,Harrison Bader,0.6,98,344,319,44,74,12,2,7,40,20,3,17,59,.232,.274,.348,.622,69,.278,61,111,baderha01"
"271,Elvis Andrus,0.6,112,406,374,39,94,20,1,6,44,12,4,25,71,.251,.304,.358,.662,82,.294,78,134,andruel01"
"272,Curtis Mead,0.5,24,92,83,12,21,3,1,1,5,0,0,7,21,.253,.326,.349,.675,89,.299,88,29,meadcu01"
"273,Salvador Perez,0.5,140,580,538,59,137,21,0,23,80,0,0,19,135,.255,.292,.422,.714,92,.303,88,227,perezsa02"
"274,Joey Gallo*,0.5,111,332,282,39,50,9,1,21,40,1,1,48,142,.177,.301,.440,.741,100,.320,100,124,gallojo01"
"275,James McCann,0.5,69,226,207,25,46,14,0,6,26,3,1,9,57,.222,.269,.377,.646,79,.287,80,78,mccanja02"
"276,Carlos Pérez,0.5,66,189,168,17,38,4,0,6,20,0,0,13,40,.226,.293,.357,.650,83,.290,88,60,perezca02"
"277,Brian Anderson,0.5,96,361,318,38,72,12,3,9,40,1,3,36,108,.226,.310,.368,.678,85,.300,86,117,anderbr06"
"278,Zack Short,0.5,110,253,221,17,45,9,0,7,33,5,0,28,66,.204,.292,.339,.631,75,.284,70,75,shortza01"
"279,Will Brennan*,0.5,138,455,432,41,115,24,0,5,41,13,5,16,57,.266,.299,.356,.655,81,.292,83,154,brennwi02"
"280,Josh Rojas*,0.5,105,350,314,47,77,17,0,4,40,12,0,27,81,.245,.303,.338,.641,78,.296,77,106,rojasjo01"
"281,Ryan McKenna,0.5,88,139,122,23,31,7,0,2,18,5,0,9,40,.254,.316,.361,.677,91,.309,90,44,mckenry01"
"282,Joey Meneses,0.5,154,657,611,71,168,36,1,13,89,0,0,38,130,.275,.321,.401,.722,100,.322,101,245,menesjo01"
"283,Miles Mastrobuoni*,0.5,60,149,133,24,32,5,0,1,5,13,1,13,32,.241,.308,.301,.609,70,.291,60,40,mastrmi01"
"284,Seth Brown*,0.5,112,378,343,33,76,19,1,14,52,3,1,30,101,.222,.286,.405,.692,93,.300,94,139,brownse01"
"285,Jose Trevino,0.5,55,168,157,15,33,4,0,4,15,0,0,8,22,.210,.257,.312,.570,56,.272,64,49,trevijo01"
"286,Dylan Carlson#,0.5,76,255,219,27,48,8,1,5,27,3,0,26,49,.219,.318,.333,.651,78,.300,81,73,carlsdy01"
"287,Stuart Fairchild,0.5,97,255,219,34,50,16,2,5,28,10,3,25,69,.228,.321,.388,.710,89,.318,90,85,faircst01"
"288,Michael Chavis,0.5,48,96,91,16,22,3,0,2,5,1,0,5,33,.242,.281,.341,.622,72,.274,66,31,chavimi01"
"289,Tyrone Taylor,0.5,81,243,231,36,54,17,1,10,35,9,0,8,55,.234,.267,.446,.713,91,.313,87,103,tayloty01"
"290,Dylan Moore,0.5,67,165,145,18,30,9,1,7,19,7,3,16,56,.207,.303,.428,.731,106,.321,106,62,mooredy01"
"291,Richie Palacios*,0.5,32,102,93,9,24,6,0,6,16,2,0,6,11,.258,.307,.516,.823,119,.354,119,48,palacri01"
"292,Santiago Espinal,0.5,93,254,230,30,57,14,0,2,25,2,1,18,36,.248,.310,.335,.644,79,.291,81,77,espinsa01"
"293,Jake McCarthy*,0.5,99,312,276,37,67,7,5,2,16,26,4,26,62,.243,.318,.326,.644,77,.305,77,90,mccarja02"
"294,Anthony Rizzo*,0.5,99,421,373,45,91,14,0,12,41,0,3,35,97,.244,.328,.378,.706,94,.309,94,141,rizzoan01"
"295,Evan Longoria,0.5,74,237,211,25,47,9,0,11,28,0,0,23,73,.223,.295,.422,.717,93,.315,93,89,longoev01"
"296,Amed Rosario,0.4,142,545,510,70,134,25,8,6,58,15,2,29,99,.263,.305,.378,.683,87,.304,87,193,rosaram01"
"297,Alec Bohm,0.4,145,611,558,74,153,31,0,20,97,4,1,42,94,.274,.327,.437,.765,107,.333,107,244,bohmal01"
"298,Aaron Hicks#,0.4,93,312,269,44,68,9,1,8,36,6,0,42,69,.253,.353,.383,.735,106,.328,106,103,hicksaa01"
"299,Tim Locastro,0.4,43,67,56,13,13,3,0,2,3,6,0,3,22,.232,.338,.393,.731,102,.362,115,22,locasti01"
"300,Eguy Rosario,0.4,11,37,36,6,9,1,1,2,6,0,0,1,12,.250,.270,.500,.770,106,.342,118,18,rosareg01"
"301,Alex Kirilloff*,0.4,88,319,281,35,76,14,1,11,41,1,0,28,80,.270,.348,.445,.793,116,.343,115,125,kirilal01"
"302,Owen Miller,0.4,90,314,291,29,76,17,0,5,27,13,2,17,61,.261,.303,.371,.674,83,.300,80,108,milleow01"
"303,Rob Refsnyder,0.4,89,243,202,31,50,9,1,1,28,7,2,33,47,.248,.365,.317,.682,87,.327,98,64,refsnro01"
"304,Jake Marisnick,0.4,46,83,76,10,18,3,2,2,10,2,3,3,21,.237,.280,.408,.688,87,.293,88,31,marisja01"
"305,Pablo Reyes,0.4,64,185,167,27,48,9,0,2,20,7,2,14,21,.287,.339,.377,.716,94,.329,99,63,reyespa01"
"306,Matthew Batten,0.4,43,139,120,19,31,6,0,2,11,2,2,17,30,.258,.355,.358,.713,98,.316,103,43,battema01"
"307,Josh Bell#,0.4,150,617,547,52,135,28,0,22,74,0,1,63,134,.247,.325,.419,.744,101,.323,103,229,belljo02"
"308,Matt Thaiss*,0.4,95,307,262,32,56,6,0,9,31,2,0,36,83,.214,.319,.340,.659,81,.302,83,89,thaisma01"
"309,René Pinto,0.4,38,105,103,10,26,3,0,6,16,0,0,2,34,.252,.267,.456,.723,96,.313,98,47,pintore02"
"310,Osleivis Basabe,0.4,31,94,87,15,19,5,0,1,12,0,1,6,25,.218,.277,.310,.587,63,.263,66,27,basabos01"
"311,Conner Capel*,0.4,32,86,73,6,19,5,0,0,3,5,3,12,25,.260,.372,.329,.701,102,.316,110,24,capelco01"
"312,DJ Stewart*,0.3,58,185,160,21,39,9,0,11,26,1,1,15,56,.244,.333,.506,.840,129,.356,126,81,stewadj01"
"313,Alfonso Rivas III*,0.3,48,123,109,8,25,10,1,3,15,1,0,9,36,.229,.303,.422,.725,95,.313,92,46,rivasal01"
"314,Matt Duffy,0.3,78,209,191,17,48,8,0,2,16,1,0,12,39,.251,.306,.325,.631,73,.298,83,62,duffyma01"
"315,Edward Olivares,0.3,107,385,354,47,93,23,4,12,36,11,5,22,64,.263,.317,.452,.769,107,.340,114,160,olivaed02"
"316,Iván Herrera,0.3,13,44,37,6,11,2,0,0,4,0,0,5,11,.297,.409,.351,.760,111,.348,117,13,herreiv01"
"317,Eloy Jiménez,0.3,120,489,456,50,124,23,0,18,64,0,0,30,93,.272,.317,.441,.758,106,.327,103,201,jimenel02"
"318,Martín Maldonado,0.3,116,407,362,33,69,12,0,15,36,0,0,30,139,.191,.258,.348,.606,66,.265,60,126,maldoma01"
"319,Jo Adell,0.3,17,62,58,7,12,3,1,3,6,1,0,4,25,.207,.258,.448,.706,88,.298,79,26,adelljo01"
"320,Forrest Wall*,0.3,15,15,13,6,6,2,0,1,2,5,1,2,4,.462,.533,.846,1.379,267,.602,264,11,wallfo01"
"321,Corey Julks,0.3,93,323,298,35,73,14,0,6,33,15,3,22,75,.245,.297,.352,.650,79,.296,79,105,julksco01"
"322,Tyler O'Neill,0.3,72,266,238,27,55,14,0,9,21,5,0,28,67,.231,.312,.403,.715,93,.319,94,96,oneilty01"
"323,David Fry,0.3,57,113,101,12,24,6,0,4,15,2,0,8,30,.238,.319,.416,.734,101,.332,109,42,fryda01"
"324,Jonny DeLuca,0.3,24,45,42,5,11,1,0,2,6,1,0,3,8,.262,.311,.429,.740,99,.318,89,18,delucjo01"
"325,Nick Allen,0.3,106,329,303,29,67,4,2,4,20,5,1,17,52,.221,.263,.287,.550,56,.248,56,87,allenni02"
"326,Abraham Toro#,0.3,9,21,18,4,8,0,0,2,9,0,0,2,5,.444,.524,.778,1.302,250,.546,259,14,toroab01"
"327,Emmanuel Rivera,0.3,86,283,257,32,67,13,0,4,29,1,0,22,56,.261,.314,.358,.672,83,.300,82,92,riverem01"
"328,Sam Huff,0.3,21,45,43,5,11,2,0,3,6,0,0,2,17,.256,.289,.512,.801,115,.335,108,22,huffsa01"
"329,Dalton Guthrie,0.3,23,28,24,4,4,1,0,0,0,0,0,3,7,.167,.286,.208,.494,39,.241,42,5,guthrda01"
"330,Hanser Alberto,0.3,30,90,82,11,18,5,0,3,16,0,0,4,13,.220,.261,.390,.652,76,.289,75,32,alberha01"
"331,Spencer Horwitz*,0.3,15,44,39,5,10,2,0,1,7,0,0,4,12,.256,.341,.385,.726,101,.323,103,15,horwisp01"
"332,Patrick Wisdom,0.3,97,302,268,43,55,8,1,23,46,4,2,30,111,.205,.289,.500,.789,112,.334,104,134,wisdopa01"
"333,Michael Pérez*,0.3,3,8,8,1,4,1,0,0,0,0,0,0,1,.500,.500,.625,1.125,210,.479,213,5,perezmi03"
"334,Endy Rodríguez#,0.2,57,204,186,27,41,7,2,3,13,0,0,17,49,.220,.284,.328,.612,66,.276,65,61,rodrien01"
"335,Sam Haggerty#,0.2,52,108,91,13,23,3,1,1,5,10,1,15,17,.253,.364,.341,.705,104,.335,105,31,haggesa01"
"336,Nick Martini*,0.2,29,79,72,10,19,3,1,6,16,0,0,5,15,.264,.329,.583,.912,137,.382,137,42,martini02"
"337,Andrew Benintendi*,0.2,151,621,562,72,147,34,2,5,45,13,2,52,89,.262,.326,.356,.682,88,.306,85,200,beninan01"
"338,Jonathan Aranda*,0.2,34,103,87,13,20,4,1,2,13,0,0,13,31,.230,.340,.368,.708,97,.309,95,32,arandjo01"
"339,Miguel Amaya,0.2,53,156,131,17,28,4,0,5,18,0,0,12,40,.214,.329,.359,.688,90,.310,86,47,amayami01"
"340,Jasson Domínguez#,0.2,8,33,31,6,8,1,0,4,7,1,0,2,8,.258,.303,.677,.980,158,.409,157,21,dominja01"
"341,Sam Hilliard*,0.2,40,78,72,15,17,5,0,3,6,4,0,6,33,.236,.295,.431,.725,94,.324,87,31,hillisa01"
"342,Weston Wilson,0.2,8,22,16,5,5,0,0,1,2,3,1,6,5,.313,.500,.500,1.000,176,.445,182,8,wilsowe01"
"343,Blake Sabol*,0.2,110,344,310,36,73,10,0,13,44,4,2,24,117,.235,.301,.394,.695,92,.310,94,122,sabolbl01"
"344,Daniel Vogelbach*,0.2,104,319,275,33,64,8,0,13,48,0,0,42,81,.233,.339,.404,.742,105,.327,104,111,vogelda01"
"345,Rafael Ortega*,0.2,47,136,114,16,25,3,0,1,8,6,1,20,33,.219,.341,.272,.613,74,.303,82,31,ortegra01"
"346,Billy McKinney*,0.2,48,147,128,19,29,3,1,6,14,1,0,17,39,.227,.320,.406,.726,98,.314,93,52,mckinbi01"
"347,Drew Millas#,0.2,11,33,28,1,8,2,0,1,6,0,0,4,5,.286,.375,.464,.839,132,.367,135,13,milladr01"
"348,Tyler Heineman#,0.2,22,47,38,5,9,1,1,0,3,1,0,8,8,.237,.383,.316,.699,97,.325,100,12,heinety01"
"349,Travis d'Arnaud,0.2,74,292,267,31,60,13,0,11,39,0,0,21,67,.225,.288,.397,.685,84,.300,79,106,darnatr01"
"350,Alejo López#,0.2,1,2,2,1,1,1,0,0,1,0,0,0,1,.500,.500,1.000,1.500,287,.618,304,2,lopezal03"
"351,Tyler Fitzgerald,0.2,10,34,32,3,7,2,0,2,5,2,0,2,10,.219,.265,.469,.733,99,.323,93,15,fitzgty01"
"352,Henry Ramos#,0.2,23,86,74,9,18,3,1,0,5,2,1,11,21,.243,.349,.311,.660,79,.301,80,23,ramoshe01"
"353,Francisco Mejia#,0.2,50,160,150,22,34,11,0,5,19,0,1,6,38,.227,.258,.400,.658,79,.281,77,60,mejiafr01"
"354,Drew Ellis,0.2,12,29,23,4,5,0,0,2,4,0,1,6,7,.217,.379,.478,.858,133,.381,154,11,ellisdr01"
"355,Ronny Mauricio#,0.2,26,108,101,11,25,4,0,2,9,7,0,7,31,.248,.296,.347,.643,78,.299,74,35,mauriro01"
"356,Oneil Cruz*,0.2,9,40,32,7,8,1,0,1,4,3,0,7,8,.250,.375,.375,.750,105,.350,107,12,cruzon01"
"357,Garrett Stubbs*,0.2,41,125,113,15,23,4,1,1,12,2,0,9,29,.204,.274,.283,.557,53,.259,52,32,stubbga01"
"358,Michael Stefanic,0.2,25,71,62,5,18,2,1,0,6,0,1,8,8,.290,.380,.355,.735,104,.324,104,22,stefami01"
"359,Xavier Edwards#,0.1,30,84,78,12,23,3,0,0,3,5,0,3,14,.295,.329,.333,.663,77,.317,83,26,edwarxa01"
"360,Vinnie Pasquantino*,0.1,61,260,231,24,57,17,0,9,26,0,0,25,31,.247,.324,.437,.762,106,.328,105,101,pasquvi01"
"361,Tristan Gray*,0.1,2,5,5,1,2,0,0,1,1,0,0,0,0,.400,.400,1.000,1.400,271,.576,285,5,graytr01"
"362,Zack Collins*,0.1,2,6,4,0,2,0,0,0,0,0,0,2,2,.500,.667,.500,1.167,232,.528,251,2,colliza01"
"363,Josh Donaldson,0.1,50,189,165,18,25,5,0,13,26,0,0,22,50,.152,.249,.418,.667,78,.282,72,69,donaljo02"
"364,Yu Chang,0.1,39,112,105,12,17,2,0,6,18,4,0,3,34,.162,.200,.352,.552,45,.252,39,37,changyu01"
"365,Brendan Rodgers,0.1,46,192,178,21,46,9,1,4,20,0,0,11,41,.258,.313,.388,.700,82,.309,77,69,rodgebr02"
"366,José Fermín,0.1,21,61,51,2,12,1,0,0,4,0,1,6,8,.235,.339,.255,.594,66,.271,67,13,fermijo01"
"367,Michael Brantley*,0.1,15,57,54,7,15,2,0,2,7,0,0,2,2,.278,.298,.426,.724,98,.310,93,23,brantmi02"
"368,Chad Wallach,0.1,65,172,157,18,31,5,1,7,15,0,1,13,57,.197,.259,.376,.635,71,.281,71,59,wallach01"
"369,José Azocar,0.1,55,102,91,16,21,6,0,2,9,8,2,4,24,.231,.278,.363,.641,75,.295,78,33,azocajo01"
"370,Curt Casali,0.1,40,96,80,8,14,2,0,0,6,0,0,11,23,.175,.290,.200,.490,35,.249,41,16,casalcu01"
"371,Anthony Rendon,0.1,43,183,148,23,35,6,0,2,22,2,0,25,27,.236,.361,.318,.678,89,.319,94,47,rendoan01"
"372,Kole Calhoun*,0.1,43,174,157,18,34,7,0,6,25,0,1,13,37,.217,.282,.376,.657,80,.288,83,59,calhoko01"
"373,Brett Sullivan*,0.1,33,86,81,7,17,3,0,1,6,0,0,4,19,.210,.244,.284,.528,46,.232,40,23,sullibr01"
"374,Marco Luciano,0.1,14,45,39,4,9,3,0,0,0,1,0,6,17,.231,.333,.308,.641,81,.296,80,12,luciama01"
"375,Austin Wells*,0.1,19,75,70,8,16,6,0,4,13,0,0,3,14,.229,.257,.486,.742,97,.307,89,34,wellsau01"
"376,Carson Kelly,0.1,50,151,136,13,28,5,0,2,13,1,0,14,40,.206,.278,.287,.565,56,.256,51,39,kellyca02"
"377,Nolan Schanuel*,0.1,29,132,109,19,30,3,0,1,6,0,0,20,19,.275,.402,.330,.732,104,.334,107,36,schanno01"
"378,Jeter Downs,0.1,6,9,5,4,2,0,0,0,1,2,0,4,1,.400,.667,.400,1.067,209,.563,237,2,downsje01"
"379,Brayan Rocchio#,0.1,23,86,81,9,20,6,0,0,8,0,0,4,27,.247,.279,.321,.600,66,.277,73,26,rocchbr01"
"380,Andrew Stevenson*,0.1,25,40,37,4,7,1,0,0,1,4,1,2,8,.189,.250,.216,.466,30,.222,22,8,stevean01"
"381,Trevor Larnach*,0.1,58,212,183,26,39,7,3,8,40,1,1,27,72,.213,.311,.415,.727,97,.318,99,76,larnatr01"
"382,David Fletcher,0.1,33,97,89,7,22,1,0,2,12,0,0,7,9,.247,.302,.326,.628,72,.275,64,29,fletcda02"
"383,Jake Lamb*,0.1,18,54,51,7,11,1,0,2,5,0,0,3,15,.216,.259,.353,.612,65,.284,71,18,lambja01"
"384,Zach Remillard,0.1,54,160,147,16,37,7,0,1,18,4,3,8,48,.252,.295,.320,.615,70,.275,67,47,remilza01"
"385,Liván Soto*,0.1,4,12,9,2,2,0,0,0,0,0,0,3,2,.222,.417,.222,.639,83,.322,98,2,sotoli01"
"386,Miguel Andujar,0.0,30,90,84,9,21,7,0,4,18,2,0,6,13,.250,.300,.476,.776,106,.345,111,40,andujmi01"
"387,Alan Trejo,0.0,82,227,207,24,48,11,0,4,26,5,1,16,51,.232,.288,.343,.631,64,.280,54,71,trejoal01"
"388,Heston Kjerstad*,0.0,13,33,30,3,7,1,0,2,3,0,0,2,10,.233,.281,.467,.748,106,.315,101,14,kjershe01"
"389,Junior Caminero,0.0,7,36,34,4,8,1,0,1,7,0,0,2,8,.235,.278,.353,.631,74,.274,70,12,caminju01"
"390,Jahmai Jones,0.0,7,11,10,2,2,1,0,0,3,1,0,1,5,.200,.273,.300,.573,57,.361,113,3,jonesja08"
"391,Charlie Culberson,0.0,1,1,1,0,1,0,0,0,0,0,0,0,0,1.000,1.000,1.000,2.000,447,.803,433,1,culbech01"
"392,Billy Hamilton,0.0,3,2,2,2,0,0,0,0,0,2,0,0,1,.000,.000,.000,.000,-100,.240,-121,0,hamilbi02"
"393,Buddy Kennedy,0.0,10,29,24,1,4,1,0,0,1,0,0,4,6,.167,.310,.208,.519,46,.254,50,5,kennebu01"
"394,Jonathan Davis,0.0,34,104,90,22,22,4,1,2,10,1,2,7,29,.244,.307,.378,.685,81,.305,90,34,davisjo05"
"395,Grae Kessinger,0.0,26,45,40,3,8,2,0,1,1,0,1,5,12,.200,.289,.325,.614,70,.260,66,13,kessigr01"
"396,Estevan Florial*,0.0,19,71,61,5,14,3,1,0,8,3,0,7,20,.230,.324,.311,.635,76,.296,74,19,flories01"
"397,Drew Maggi,0.0,3,6,6,1,2,1,0,0,1,0,0,0,1,.333,.333,.500,.833,122,.355,123,3,maggidr01"
"398,José Abreu,0.0,141,594,540,62,128,23,1,18,90,0,1,42,130,.237,.296,.383,.680,87,.303,89,207,abreujo02"
"399,Kyren Paris,0.0,15,46,40,4,4,0,0,0,1,3,0,4,17,.100,.200,.100,.300,-14,.208,4,4,parisky01"
"400,José Rodríguez,0.0,1,0,0,1,0,0,0,0,0,0,0,0,0,,,,,,,,0,rodrijo09"
"401,JJ Bleday*,0.0,82,303,256,35,50,11,0,10,27,5,1,42,72,.195,.310,.355,.666,88,.299,93,91,bledajj01"
"402,Enmanuel Valdéz*,0.0,49,149,139,17,37,8,0,6,19,5,1,8,37,.266,.311,.453,.764,103,.335,102,63,valdeen01"
"403,Manny Piña,0.0,4,12,12,1,3,0,0,1,1,0,0,0,3,.250,.250,.500,.750,105,.307,100,6,pinama01"
"404,Ty Adcock,0.0,1,0,0,0,0,0,0,0,0,0,0,0,0,,,,,,,,0,adcocty01"
"405,Scott Alexander*,0.0,1,0,0,0,0,0,0,0,0,0,0,0,0,,,,,,,,0,alexasc02"
"406,Bryan Baker,0.0,2,0,0,0,0,0,0,0,0,0,0,0,0,,,,,,,,0,bakerbr01"
"407,Scott Barlow,0.0,1,0,0,0,0,0,0,0,0,0,0,0,0,,,,,,,,0,barlosc01"
"408,Mike Baumann,0.0,1,0,0,0,0,0,0,0,0,0,0,0,0,,,,,,,,0,baumami01"
"409,José Berríos,0.0,1,0,0,0,0,0,0,0,0,0,0,0,0,,,,,,,,0,berrijo01"
"410,Matt Brash,0.0,1,0,0,0,0,0,0,0,0,0,0,0,0,,,,,,,,0,brashma01"
"411,Ryan Brasier,0.0,1,0,0,0,0,0,0,0,0,0,0,0,0,,,,,,,,0,brasiry01"
"412,JB Bukauskas,0.0,1,0,0,0,0,0,0,0,0,0,0,0,0,,,,,,,,0,bukaujb01"
"413,Aaron Bummer*,0.0,1,0,0,0,0,0,0,0,0,0,0,0,0,,,,,,,,0,bummeaa01"
"414,Génesis Cabrera*,0.0,2,0,0,0,0,0,0,0,0,0,0,0,0,,,,,,,,0,cabrege01"
"415,Yennier Cano,0.0,3,0,0,0,0,0,0,0,0,0,0,0,0,,,,,,,,0,canoye01"
"416,Miguel Castro,0.0,2,0,0,0,0,0,0,0,0,0,0,0,0,,,,,,,,0,castrmi01"
"417,Andrew Chafin,0.0,3,0,0,0,0,0,0,0,0,0,0,0,0,,,,,,,,0,chafian01"
"418,Aroldis Chapman*,0.0,1,0,0,0,0,0,0,0,0,0,0,0,0,,,,,,,,0,chapmar01"
"419,Taylor Clarke,0.0,1,0,0,0,0,0,0,0,0,0,0,0,0,,,,,,,,0,clarkta01"
"420,Dylan Coleman,0.0,2,0,0,0,0,0,0,0,0,0,0,0,0,,,,,,,,0,colemdy01"
"421,Danny Coulombe*,0.0,2,0,0,0,0,0,0,0,0,0,0,0,0,,,,,,,,0,couloda01"
"422,Austin Cox*,0.0,1,0,0,0,0,0,0,0,0,0,0,0,0,,,,,,,,0,coxau01"
"423,Kutter Crawford,0.0,1,0,0,1,0,0,0,0,0,0,0,0,0,,,,,,,,0,crawfku01"
"424,Alexis Díaz,0.0,3,0,0,0,0,0,0,0,0,0,0,0,0,,,,,,,,0,diazal03"
"425,Camilo Doval,0.0,2,0,0,0,0,0,0,0,0,0,0,0,0,,,,,,,,0,dovalca01"
"426,Daniel Duarte,0.0,2,0,0,0,0,0,0,0,0,0,0,0,0,,,,,,,,0,duartda01"
"427,Buck Farmer*,0.0,1,0,0,0,0,0,0,0,0,0,0,0,0,,,,,,,,0,farmebu01"
"428,Caleb Ferguson,0.0,2,0,0,0,0,0,0,0,0,0,0,0,0,,,,,,,,0,ferguca01"
"429,Luis Frías,0.0,1,0,0,0,0,0,0,0,0,0,0,0,0,,,,,,,,0,friaslu01"
"430,Shintaro Fujinami,0.0,1,0,0,0,0,0,0,0,0,0,0,0,0,,,,,,,,0,fujinsh01"
"431,Michael Fulmer,0.0,2,1,1,0,0,0,0,0,0,0,0,0,1,.000,.000,.000,.000,-100,.000,-133,0,fulmemi01"
"432,Ian Gibaut,0.0,1,0,0,0,0,0,0,0,0,0,0,0,0,,,,,,,,0,gibauia01"
"433,Kyle Gibson,0.0,1,0,0,0,0,0,0,0,0,0,0,0,0,,,,,,,,0,gibsoky01"
"434,Logan Gillaspie,0.0,1,0,0,0,0,0,0,0,0,0,0,0,0,,,,,,,,0,gillalo01"
"435,Kevin Ginkel*,0.0,1,0,0,0,0,0,0,0,0,0,0,0,0,,,,,,,,0,ginkeke01"
"436,Victor González*,0.0,2,0,0,0,0,0,0,0,0,0,0,0,0,,,,,,,,0,gonzavi02"
"437,Brusdar Graterol,0.0,1,0,0,0,0,0,0,0,0,0,0,0,0,,,,,,,,0,gratebr01"
"438,Kendall Graveman,0.0,1,0,0,0,0,0,0,0,0,0,0,0,0,,,,,,,,0,graveke01"
"439,Jon Gray,0.0,1,0,0,0,0,0,0,0,0,0,0,0,0,,,,,,,,0,grayjo02"
"440,Zack Greinke,0.0,1,0,0,0,0,0,0,0,0,0,0,0,0,,,,,,,,0,greinza01"
"441,Josh Hader*,0.0,1,0,0,0,0,0,0,0,0,0,0,0,0,,,,,,,,0,haderjo01"
"442,DL Hall*,0.0,1,0,0,0,0,0,0,0,0,0,0,0,0,,,,,,,,0,halldl01"
"443,Taylor Hearn*,0.0,1,0,0,0,0,0,0,0,0,0,0,0,0,,,,,,,,0,hearnta01"
"444,Jonathan Heasley,0.0,1,0,0,0,0,0,0,0,0,0,0,0,0,,,,,,,,0,heasljo01"
"445,Ryan Helsley,0.0,1,0,0,0,0,0,0,0,0,0,0,0,0,,,,,,,,0,helslry01"
"446,Carlos Hernández,0.0,1,0,0,0,0,0,0,0,0,0,0,0,0,,,,,,,,0,hernaca04"
"447,Bryan Hoeing,0.0,1,0,0,0,0,0,0,0,0,0,0,0,0,,,,,,,,0,hoeinbr01"
"448,Tommy Hunter,0.0,2,0,0,0,0,0,0,0,0,0,0,0,0,,,,,,,,0,hunteto02"
"449,Drey Jameson,0.0,1,0,0,0,0,0,0,0,0,0,0,0,0,,,,,,,,0,jamesdr01"
"450,Kenley Jansen#,0.0,1,0,0,0,0,0,0,0,0,0,0,0,0,,,,,,,,0,janseke01"
"451,Bryce Jarvis*,0.0,1,0,0,0,0,0,0,0,0,0,0,0,0,,,,,,,,0,jarvibr01"
"452,Joe Jiménez,0.0,1,0,0,0,0,0,0,0,0,0,0,0,0,,,,,,,,0,jimenjo02"
"453,Pierce Johnson,0.0,1,0,0,0,0,0,0,0,0,0,0,0,0,,,,,,,,0,johnspi01"
"454,Jakob Junis,0.0,1,0,0,0,0,0,0,0,0,0,0,0,0,,,,,,,,0,junisja01"
"455,Karl Kauffmann,0.0,1,0,0,0,0,0,0,0,0,0,0,0,0,,,,,,,,0,kauffka01"
"456,Anthony Kay*,0.0,4,0,0,0,0,0,0,0,0,0,0,0,0,,,,,,,,0,kayan01"
"457,John King*,0.0,1,0,0,0,0,0,0,0,0,0,0,0,0,,,,,,,,0,kingjo01"
"458,Mark Kolozsvary,0.0,1,0,0,0,0,0,0,0,0,0,0,0,0,,,,,,,,0,kolozma01"
"459,Alex Lange,0.0,1,0,0,0,0,0,0,0,0,0,0,0,0,,,,,,,,0,langeal01"
"460,Derek Law,0.0,1,0,0,0,0,0,0,0,0,0,0,0,0,,,,,,,,0,lawde01"
"461,Justin Lawrence,0.0,1,0,0,0,0,0,0,0,0,0,0,0,0,,,,,,,,0,lawreju01"
"462,Mark Leiter Jr.,0.0,1,0,0,0,0,0,0,0,0,0,0,0,0,,,,,,,,0,leitema02"
"463,Luke Little*,0.0,1,0,0,0,0,0,0,0,0,0,0,0,0,,,,,,,,0,littllu01"
"464,Chris Martin,0.0,1,0,0,0,0,0,0,0,0,0,0,0,0,,,,,,,,0,martich02"
"465,Seth Martinez,0.0,1,0,0,0,0,0,0,0,0,0,0,0,0,,,,,,,,0,martise01"
"466,Phil Maton,0.0,4,0,0,0,0,0,0,0,0,0,0,0,0,,,,,,,,0,matonph01"
"467,Tim Mayza*,0.0,2,0,0,0,0,0,0,0,0,0,0,0,0,,,,,,,,0,mayzati01"
"468,James McArthur,0.0,1,0,0,0,0,0,0,0,0,0,0,0,0,,,,,,,,0,mcartja01"
"469,Scott McGough,0.0,2,0,0,0,0,0,0,0,0,0,0,0,0,,,,,,,,0,mcgousc01"
"470,Julian Merryweather,0.0,1,0,0,0,0,0,0,0,0,0,0,0,0,,,,,,,,0,merryju01"
"471,Shelby Miller,0.0,1,1,1,0,0,0,0,0,0,0,0,0,0,.000,.000,.000,.000,-100,.000,-133,0,millesh01"
"472,Rafael Montero,0.0,1,0,0,0,0,0,0,0,0,0,0,0,0,,,,,,,,0,montera01"
"473,Jovani Morán*,0.0,2,0,0,0,0,0,0,0,0,0,0,0,0,,,,,,,,0,moranjo01"
"474,Andrés Muñoz,0.0,1,0,0,0,0,0,0,0,0,0,0,0,0,,,,,,,,0,munozan01"
"475,Penn Murfee,0.0,1,0,0,0,0,0,0,0,0,0,0,0,0,,,,,,,,0,murfepe01"
"476,James Naile,0.0,1,0,0,0,0,0,0,0,0,0,0,0,0,,,,,,,,0,naileja01"
"477,Andrew Nardi*,0.0,1,0,0,0,0,0,0,0,0,0,0,0,0,,,,,,,,0,nardian01"
"478,Kyle Nelson*,0.0,1,0,0,0,0,0,0,0,0,0,0,0,0,,,,,,,,0,nelsoky01"
"479,Héctor Neris,0.0,1,0,0,0,0,0,0,0,0,0,0,0,0,,,,,,,,0,nerishe01"
"480,Emilio Pagán*,0.0,1,0,0,0,0,0,0,0,0,0,0,0,0,,,,,,,,0,paganem01"
"481,Cionel Pérez,0.0,3,0,0,0,0,0,0,0,0,0,0,0,0,,,,,,,,0,perezci01"
"482,Nick Pivetta,0.0,1,0,0,0,0,0,0,0,0,0,0,0,0,,,,,,,,0,pivetni01"
"483,Ryan Pressly,0.0,3,0,0,0,0,0,0,0,0,0,0,0,0,,,,,,,,0,pressry01"
"484,Cole Ragans*,0.0,1,0,0,0,0,0,0,0,0,0,0,0,0,,,,,,,,0,raganco01"
"485,Brooks Raley*,0.0,1,0,0,0,0,0,0,0,0,0,0,0,0,,,,,,,,0,raleybr01"
"486,Taylor Rogers*,0.0,1,0,0,0,0,0,0,0,0,0,0,0,0,,,,,,,,0,rogerta01"
"487,Tyler Rogers,0.0,1,0,0,0,0,0,0,0,0,0,0,0,0,,,,,,,,0,rogerty01"
"488,Jordan Romano,0.0,1,0,0,0,0,0,0,0,0,0,0,0,0,,,,,,,,0,romanjo03"
"489,JoJo Romero*,0.0,1,0,0,0,0,0,0,0,0,0,0,0,0,,,,,,,,0,romerjo01"
"490,Michael Rucker,0.0,2,0,0,0,0,0,0,0,0,0,0,0,0,,,,,,,,0,ruckemi01"
"491,José Ruiz,0.0,1,0,0,0,0,0,0,0,0,0,0,0,0,,,,,,,,0,ruizjo01"
"492,Cole Sands,0.0,1,0,0,0,0,0,0,0,0,0,0,0,0,,,,,,,,0,sandsco01"
"493,Tony Santillan,0.0,1,0,0,0,0,0,0,0,0,0,0,0,0,,,,,,,,0,santito01"
"494,Tayler Saucedo*,0.0,2,0,0,0,0,0,0,0,0,0,0,0,0,,,,,,,,0,sauceta01"
"495,Josh Sborz,0.0,1,1,1,0,0,0,0,0,0,0,0,0,1,.000,.000,.000,.000,-100,.000,-125,0,sborzjo01"
"496,John Schreiber,0.0,2,0,0,0,0,0,0,0,0,0,0,0,0,,,,,,,,0,schrejo01"
"497,Tayler Scott,0.0,2,0,0,0,0,0,0,0,0,0,0,0,0,,,,,,,,0,scottta02"
"498,Paul Sewald,0.0,2,0,0,0,0,0,0,0,0,0,0,0,0,,,,,,,,0,sewalpa01"
"499,Lucas Sims,0.0,3,0,0,0,0,0,0,0,0,0,0,0,0,,,,,,,,0,simslu01"
"500,Will Smith,0.0,1,0,0,0,0,0,0,0,0,0,0,0,0,,,,,,,,0,smithwi04"
"501,Drew Smyly*,0.0,1,0,0,0,0,0,0,0,0,0,0,0,0,,,,,,,,0,smylydr01"
"502,Carson Spiers,0.0,1,0,0,0,0,0,0,0,0,0,0,0,0,,,,,,,,0,spierca01"
"503,Ryne Stanek,0.0,2,0,0,0,0,0,0,0,0,0,0,0,0,,,,,,,,0,stanery01"
"504,Brent Suter*,0.0,1,0,0,0,0,0,0,0,0,0,0,0,0,,,,,,,,0,suterbr01"
"505,Domingo Tapia,0.0,1,0,0,0,0,0,0,0,0,0,0,0,0,,,,,,,,0,tapiado01"
"506,Justin Topa,0.0,1,0,0,0,0,0,0,0,0,0,0,0,0,,,,,,,,0,topaju01"
"507,Cole Tucker#,0.0,5,10,8,2,4,0,0,0,2,0,0,1,2,.500,.600,.500,1.100,193,.492,208,4,tuckeco01"
"508,Alex Vesia*,0.0,2,0,0,0,0,0,0,0,0,0,0,0,0,,,,,,,,0,vesiaal01"
"509,Will Vest,0.0,1,0,0,0,0,0,0,0,0,0,0,0,0,,,,,,,,0,vestwi01"
"510,Hayden Wesneski,0.0,2,0,0,0,0,0,0,0,0,0,0,0,0,,,,,,,,0,wesneha01"
"511,Garrett Whitlock,0.0,1,0,0,0,0,0,0,0,0,0,0,0,0,,,,,,,,0,whitlga01"
"512,Nick Wittgren,0.0,1,0,0,0,0,0,0,0,0,0,0,0,0,,,,,,,,0,wittgni01"
"513,Ryan Yarbrough,0.0,1,0,0,0,0,0,0,0,0,0,0,0,0,,,,,,,,0,yarbrry01"
"514,Alex Young*,0.0,2,0,0,0,0,0,0,0,0,0,0,0,0,,,,,,,,0,youngal01"
"515,Nick Senzel,0.0,104,330,301,49,71,10,0,13,42,6,2,26,74,.236,.297,.399,.696,84,.327,98,120,senzeni01"
"516,Jason Delay,0.0,70,187,167,20,42,11,1,1,18,0,0,14,44,.251,.319,.347,.666,81,.294,79,58,delayja01"
"517,Logan Porter,0.0,11,38,31,4,6,1,0,1,3,0,0,5,11,.194,.324,.323,.647,78,.321,100,10,portelo01"
"518,Jacob Amaya,0.0,4,9,9,1,2,0,0,0,2,1,0,0,1,.222,.222,.222,.444,19,.226,10,2,amayaja01"
"519,Anthony Bemboom*,0.0,6,13,11,0,2,0,0,0,0,0,0,2,2,.182,.308,.182,.490,44,.244,50,2,bemboan01"
"520,Joey Ortiz,0.0,15,34,33,4,7,1,0,0,4,0,0,0,9,.212,.206,.242,.448,26,.194,15,8,ortizjo06"
"521,Nick Solak,0.0,2,0,0,1,0,0,0,0,0,0,0,0,0,,,,,,,,0,solakni01"
"522,Adam Wainwright,0.0,2,2,2,0,0,0,0,0,0,0,0,0,1,.000,.000,.000,.000,-100,.000,-129,0,wainwad01"
"523,Jordan Luplow,0.0,39,90,77,11,16,3,0,2,5,2,0,12,27,.208,.322,.325,.647,79,.293,77,25,luplojo01"
"524,Greg Allen#,0.0,22,28,23,6,5,1,1,1,1,3,1,2,10,.217,.333,.478,.812,119,.389,145,11,allengr01"
"525,Peyton Burdick,0.0,14,37,33,4,6,2,0,1,2,1,0,3,18,.182,.270,.333,.604,60,.276,59,11,burdipe01"
"526,Mason McCoy,0.0,6,1,1,2,0,0,0,0,0,0,0,0,1,.000,.000,.000,.000,-100,.000,-125,0,mccoyma01"
"527,Wade Meckler*,0.0,20,64,56,6,13,1,0,0,4,0,0,6,25,.232,.328,.250,.578,65,.271,66,14,mecklwa01"
"528,Omar Narváez*,0.0,49,146,128,12,27,5,0,2,7,0,0,14,27,.211,.283,.297,.580,62,.266,61,38,narvaom01"
"529,David Dahl*,0.0,4,9,9,1,1,0,0,1,1,0,0,0,2,.111,.111,.444,.556,43,.220,31,4,dahlda01"
"530,Brad Miller*,0.0,27,67,56,8,12,4,0,1,6,0,0,10,11,.214,.328,.339,.668,86,.313,92,19,millebr02"
"531,Carlos Pérez,0.0,27,53,49,5,10,4,0,1,3,0,0,4,11,.204,.264,.347,.611,67,.284,72,17,perezca03"
"532,Jonathan Ornelas,0.0,8,8,7,2,1,0,0,0,0,0,0,0,4,.143,.250,.143,.393,14,.202,13,1,orneljo01"
"533,Eli White,0.0,6,17,14,1,1,0,0,0,0,0,0,2,7,.071,.235,.071,.307,-10,.178,-8,1,whiteel04"
"534,Garrett Cooper,0.0,123,457,422,42,106,18,1,17,61,0,0,31,132,.251,.304,.419,.724,92,.315,94,177,coopega03"
"535,Isiah Kiner-Falefa,0.0,113,361,326,39,79,12,1,6,37,14,5,28,70,.242,.306,.340,.646,78,.290,76,111,kineris01"
"536,Kody Clemens*,0.0,47,148,139,15,32,7,0,4,13,0,0,8,40,.230,.277,.367,.644,75,.279,69,51,clemeko01"
"537,Ceddanne Rafaela,0.0,28,89,83,11,20,6,0,2,5,3,1,4,28,.241,.281,.386,.666,78,.287,70,32,rafaece01"
"538,Tres Barrera,0.0,6,2,2,0,0,0,0,0,0,0,0,0,0,.000,.000,.000,.000,-100,.000,-129,0,barretr01"
"539,Chris Okey,0.0,2,2,2,0,0,0,0,0,0,0,0,0,2,.000,.000,.000,.000,-100,.000,-125,0,okeych01"
"540,Chandler Seagle,0.0,1,1,1,0,0,0,0,0,0,0,0,0,0,.000,.000,.000,.000,-100,.000,-125,0,seaglch01"
"541,Cal Stevenson*,0.0,6,12,9,1,0,0,0,0,0,0,0,3,2,.000,.250,.000,.250,-21,.250,50,0,steveca01"
"542,Víctor Robles,-0.1,36,126,107,15,32,5,1,0,8,8,1,11,18,.299,.385,.364,.750,111,.356,119,39,roblevi01"
"543,Mike Moustakas*,-0.1,112,386,352,43,87,15,0,12,48,0,0,23,95,.247,.293,.392,.685,82,.300,78,138,moustmi01"
"544,Miguel Vargas,-0.1,81,304,256,36,50,15,4,7,32,3,2,38,61,.195,.305,.367,.672,82,.300,80,94,vargami01"
"545,Alexander Canario,-0.1,6,17,17,1,5,1,1,1,6,0,0,0,8,.294,.294,.647,.941,150,.386,140,11,canaral01"
"546,Nathan Lukes*,-0.1,29,31,26,4,5,1,1,0,2,0,0,4,9,.192,.290,.308,.598,66,.266,63,8,lukesna01"
"547,Jordan Walker,-0.1,117,465,420,51,116,19,2,16,51,7,4,37,104,.276,.342,.445,.787,113,.342,114,187,walkejo02"
"548,Gabriel Arias,-0.1,122,345,315,36,66,15,0,10,26,3,4,28,113,.210,.275,.352,.628,72,.274,74,111,ariasga01"
"549,Cam Eden,-0.1,5,6,6,1,1,0,0,0,0,0,0,0,2,.167,.167,.167,.333,-7,.149,-20,1,edenca01"
"550,Calvin Mitchell*,-0.1,2,5,4,0,0,0,0,0,0,0,0,1,1,.000,.200,.000,.200,-38,.140,-30,0,mitchca01"
"551,Joey Votto*,-0.1,65,242,208,26,42,6,0,14,38,0,0,27,62,.202,.314,.433,.747,97,.328,99,90,vottojo01"
"552,Caleb Hamilton,-0.1,4,6,5,0,0,0,0,0,0,0,0,1,5,.000,.167,.000,.167,-49,.115,-51,0,hamilca01"
"553,David Hamilton*,-0.1,15,39,33,2,4,2,0,0,0,2,1,6,10,.121,.256,.182,.438,22,.215,21,6,hamilda03"
"554,Michael Massey*,-0.1,129,461,428,42,98,18,1,15,55,6,2,24,99,.229,.274,.381,.655,77,.290,78,163,massemi02"
"555,Elehuris Montero,-0.1,85,307,284,40,69,15,2,11,39,0,0,15,111,.243,.290,.426,.716,84,.319,84,121,monteel01"
"556,Brett Phillips*,-0.1,39,71,63,9,11,1,0,3,6,3,1,8,36,.175,.268,.333,.601,63,.269,59,21,phillbr02"
"557,Tyler Cropley,-0.1,2,7,6,0,1,0,0,0,1,0,0,0,2,.167,.143,.167,.310,-16,.127,-38,1,croplty01"
"558,Yonny Hernández#,-0.1,14,27,22,5,3,1,0,0,4,0,0,2,8,.136,.231,.182,.413,15,.198,4,4,hernayo02"
"559,Roberto Pérez,-0.1,5,17,15,0,2,0,0,0,1,0,0,2,6,.133,.235,.133,.369,7,.188,6,2,perezro02"
"560,Kevin Pillar,-0.1,81,206,197,29,45,10,0,9,32,4,1,6,50,.228,.248,.416,.664,76,.289,70,82,pillake01"
"561,Nick Fortes,-0.1,108,323,294,33,60,10,0,6,26,4,2,17,59,.204,.263,.299,.562,49,.259,51,88,forteni01"
"562,Carter Kieboom,-0.1,27,94,87,12,18,2,0,4,11,0,0,6,27,.207,.266,.368,.634,74,.275,69,32,kieboca01"
"563,Travis Blankenhorn*,-0.1,10,37,31,2,5,0,0,1,1,0,0,6,6,.161,.297,.258,.555,57,.264,60,8,blanktr01"
"564,Cody Thomas*,-0.1,19,46,42,1,10,3,0,1,2,0,0,4,17,.238,.304,.381,.685,93,.296,92,16,thomaco01"
"565,Vinny Capra,-0.1,9,21,18,3,3,1,0,0,1,0,0,2,5,.167,.250,.222,.472,30,.221,23,4,capravi01"
"566,Connor Kaiser,-0.1,3,4,4,0,0,0,0,0,0,0,0,0,2,.000,.000,.000,.000,-100,.000,-142,0,kaiseco01"
"567,Braden Shewmake*,-0.1,2,4,4,0,0,0,0,0,0,0,0,0,1,.000,.000,.000,.000,-100,.000,-133,0,shewmbr01"
"568,Kyle Garlick,-0.1,14,30,28,2,5,1,0,2,4,0,0,2,11,.179,.233,.429,.662,76,.276,68,12,garliky01"
"569,Luis Guillorme*,-0.1,54,120,107,12,24,6,1,1,9,0,0,10,28,.224,.288,.327,.615,71,.268,62,35,guilllu01"
"570,Luis Torrens,-0.1,18,30,28,1,7,3,0,0,4,0,0,1,9,.250,.300,.357,.657,83,.284,71,10,torrelu01"
"571,Kiké Hernández,-0.1,140,508,465,57,110,23,0,11,61,4,1,34,97,.237,.289,.357,.646,74,.285,69,166,hernaen02"
"572,Robbie Grossman#,-0.1,115,420,353,56,84,23,1,10,49,1,0,57,98,.238,.340,.394,.734,103,.327,101,139,grossro01"
"573,Esteury Ruiz,-0.1,132,497,449,47,114,24,1,5,47,67,13,20,99,.254,.309,.345,.654,85,.309,88,155,ruizes01"
"574,Matt Reynolds,-0.1,2,5,5,1,1,0,0,0,0,0,0,0,3,.200,.200,.200,.400,8,.179,-7,1,reynoma03"
"575,Franchy Cordero*,-0.1,24,71,69,9,13,2,0,6,13,0,0,2,25,.188,.211,.478,.690,81,.296,82,33,cordefr02"
"576,Hunter Dozier,-0.1,29,91,82,8,15,2,1,2,9,2,0,8,29,.183,.253,.305,.558,52,.269,59,25,doziehu01"
"577,Adam Haseley*,-0.1,28,39,36,6,8,2,0,0,2,1,0,3,8,.222,.282,.278,.560,56,.257,49,10,haselad01"
"578,Tommy La Stella*,-0.1,12,24,21,2,4,1,0,0,2,0,0,3,5,.190,.292,.238,.530,54,.245,53,5,lasteto01"
"579,Dominic Canzone*,-0.1,59,182,173,23,38,13,0,6,21,1,0,8,32,.220,.258,.399,.657,82,.297,87,69,canzodo01"
"580,Nick Ahmed,-0.1,72,210,198,14,42,10,1,2,17,5,1,12,52,.212,.257,.303,.560,52,.250,45,60,ahmedni01"
"581,Jake Alu*,-0.1,51,175,159,14,36,2,1,2,16,5,1,10,42,.226,.282,.289,.571,60,.275,66,46,aluja01"
"582,Jared Young*,-0.1,16,47,43,8,8,0,3,2,8,2,0,3,13,.186,.255,.465,.720,93,.345,104,20,youngja02"
"583,Pete Crow-Armstrong*,-0.1,13,19,14,3,0,0,0,0,1,2,2,3,7,.000,.176,.000,.176,-45,.092,-63,0,crowape01"
"584,José Herrera#,-0.1,41,120,101,15,21,5,0,0,7,1,0,13,30,.208,.296,.257,.553,53,.260,51,26,herrejo04"
"585,Nick Gonzales,-0.2,35,128,115,12,24,8,1,2,13,0,1,6,36,.209,.268,.348,.616,66,.261,57,40,gonzani01"
"586,Jordan Lawlar,-0.2,14,34,31,2,4,0,0,0,0,1,1,2,11,.129,.206,.129,.335,-5,.178,2,4,lawlajo01"
"587,Austin Meadows*,-0.2,6,21,21,0,5,1,0,0,2,0,0,0,3,.238,.238,.286,.524,44,.229,34,6,meadoau01"
"588,Meibrys Viloria*,-0.2,10,4,3,0,0,0,0,0,0,0,0,1,0,.000,.250,.000,.250,-21,.173,-2,0,vilorme01"
"589,Joshua Palacios*,-0.2,91,264,247,26,59,9,2,10,40,5,0,12,56,.239,.279,.413,.692,85,.300,80,102,palacjo01"
"590,Rylan Bannon,-0.2,2,6,6,0,0,0,0,0,0,0,0,0,3,.000,.000,.000,.000,-100,.000,-127,0,bannory01"
"591,Matt Beaty*,-0.2,30,72,61,8,14,4,0,0,4,0,0,6,14,.230,.347,.295,.642,79,.311,94,18,beatyma01"
"592,Juniel Querecuto#,-0.2,9,21,20,2,2,1,0,0,0,0,0,1,6,.100,.143,.150,.293,-20,.130,-38,3,quereju01"
"593,Samad Taylor,-0.2,31,69,60,11,12,2,1,0,4,8,0,7,22,.200,.279,.267,.546,51,.284,54,16,taylosa04"
"594,Brett Wisely*,-0.2,51,131,120,10,21,5,0,2,8,2,1,9,40,.175,.231,.267,.497,38,.219,28,32,wiselbr01"
"595,J.P. Martínez*,-0.2,17,44,40,7,9,1,0,1,4,0,0,2,16,.225,.250,.325,.575,58,.242,41,13,martijp01"
"596,Austin Wynns,-0.2,51,145,130,11,27,6,0,1,10,1,0,9,39,.208,.268,.277,.545,44,.255,37,36,wynnsau01"
"597,Óscar Mercado,-0.2,20,32,31,3,9,3,0,0,5,2,1,1,4,.290,.313,.387,.700,90,.330,106,12,mercaos01"
"598,Canaan Smith-Njigba*,-0.2,15,37,32,3,4,1,1,0,5,1,0,4,16,.125,.216,.219,.435,19,.230,29,7,smithca05"
"599,Chadwick Tromp,-0.2,6,16,16,1,2,1,0,0,1,0,0,0,7,.125,.125,.188,.313,-17,.133,-40,3,trompch01"
"600,Willie Calhoun*,-0.2,44,149,134,16,32,7,0,5,16,0,0,14,20,.239,.309,.403,.712,94,.305,88,54,calhowi01"
"601,Christian Arroyo,-0.2,66,206,195,23,47,16,0,3,24,1,3,7,45,.241,.268,.369,.638,70,.266,61,72,arroych01"
"602,Joey Wendle*,-0.2,112,318,297,33,63,16,3,2,20,7,1,13,67,.212,.248,.306,.554,47,.248,41,91,wendljo01"
"603,Bryce Johnson#,-0.2,30,48,43,7,7,1,0,1,3,3,0,4,15,.163,.229,.256,.485,35,.230,26,11,johnsbr03"
"604,Taylor Kohlwey*,-0.2,5,13,13,0,2,0,0,0,0,0,0,0,5,.154,.154,.154,.308,-14,.131,-32,2,kohlwta01"
"605,César Salazar*,-0.2,13,19,18,1,2,0,0,0,0,0,0,1,6,.111,.158,.111,.269,-23,.130,-35,2,salazce01"
"606,Luis Urías,-0.2,52,177,144,18,28,6,0,3,18,0,0,21,41,.194,.337,.299,.636,75,.295,78,43,uriaslu01"
"607,Ben Rortvedt*,-0.2,32,79,68,6,8,1,0,2,4,0,0,11,19,.118,.241,.221,.461,28,.218,26,15,rortvbe01"
"608,Josh Lester*,-0.2,11,23,22,0,4,0,0,0,4,0,0,1,7,.182,.217,.182,.399,15,.224,36,4,lestejo02"
"609,Brian O'Keefe,-0.2,8,21,19,0,2,2,0,0,2,0,0,2,7,.105,.190,.211,.401,15,.179,5,4,okeefbr01"
"610,Raimel Tapia*,-0.2,64,169,148,28,35,4,1,3,13,10,2,17,40,.236,.317,.338,.655,79,.303,78,50,tapiara01"
"611,Ben Gamel*,-0.2,6,15,15,2,3,1,0,0,2,0,0,0,2,.200,.200,.267,.467,28,.196,14,4,gamelbe01"
"612,Darin Ruf,-0.2,20,57,49,3,11,3,0,0,3,0,0,8,16,.224,.333,.286,.619,74,.287,76,14,rufda01"
"613,Bobby Dalbec,-0.2,21,53,49,6,10,2,0,1,1,1,0,4,28,.204,.264,.306,.570,54,.259,48,15,dalbebo01"
"614,Kevin Padlo,-0.2,3,8,8,1,1,1,0,0,0,0,0,0,0,.125,.125,.250,.375,-1,.154,-21,2,padloke01"
"615,Alika Williams,-0.2,46,112,101,7,20,5,0,0,6,0,0,9,35,.198,.270,.248,.518,42,.237,37,25,willial04"
"616,Jake Cave*,-0.2,65,203,184,18,39,8,1,5,21,3,0,15,55,.212,.272,.348,.620,68,.274,63,64,caveja01"
"617,José Miranda,-0.2,40,152,142,12,30,4,0,3,13,0,0,9,24,.211,.263,.303,.566,55,.261,58,43,miranjo01"
"618,Brandon Dixon,-0.2,33,86,79,10,16,4,0,2,9,1,0,1,31,.203,.244,.329,.573,57,.251,52,26,dixonbr01"
"619,Nick Gordon*,-0.2,34,93,91,13,16,5,1,2,7,0,0,1,11,.176,.185,.319,.503,35,.222,29,29,gordoni01"
"620,Johan Camargo#,-0.2,8,20,18,0,4,0,0,0,2,0,0,1,4,.222,.300,.222,.522,49,.251,51,4,camarjo01"
"621,Isan Díaz*,-0.2,8,26,24,0,1,0,0,0,1,0,0,2,9,.042,.115,.042,.157,-53,.088,-65,1,diazis01"
"622,Blake Rutherford*,-0.2,16,36,35,4,6,0,0,0,2,0,0,1,10,.171,.194,.171,.366,4,.191,9,6,ruthebl01"
"623,José Tena*,-0.2,18,34,31,2,7,2,0,0,3,0,0,3,13,.226,.294,.290,.584,63,.265,65,9,tenajo01"
"624,Luke Voit,-0.2,22,74,68,5,15,3,0,0,4,2,0,4,27,.221,.284,.265,.548,52,.269,58,18,voitlu01"
"625,Matt Carpenter*,-0.3,76,237,188,18,33,12,0,5,31,1,0,41,67,.176,.322,.319,.641,79,.293,83,60,carpema01"
"626,Tucupita Marcano*,-0.3,75,220,202,16,47,12,2,3,18,5,2,10,35,.233,.276,.356,.633,70,.284,71,72,marcatu01"
"627,Andre Lipcius,-0.3,13,38,35,3,10,1,0,1,4,0,0,3,8,.286,.342,.400,.742,105,.327,104,14,lipcian01"
"628,Kyle Higashioka,-0.3,92,260,242,24,57,13,0,10,34,0,0,14,74,.236,.274,.413,.687,85,.295,81,100,higasky01"
"629,Kevin Smith,-0.3,49,146,135,15,25,4,0,5,11,1,0,5,51,.185,.220,.326,.546,52,.235,45,44,smithke05"
"630,TJ Hopkins,-0.3,25,44,41,7,7,0,0,0,1,1,0,2,17,.171,.227,.171,.398,9,.194,0,7,hopkitj01"
"631,Mitch Haniger,-0.3,61,229,211,27,44,13,1,6,28,1,0,15,65,.209,.266,.365,.631,74,.278,70,77,hanigmi01"
"632,Tyler Freeman,-0.3,64,168,153,20,37,7,0,4,18,5,0,10,30,.242,.295,.366,.661,82,.294,80,56,freemty01"
"633,Rougned Odor*,-0.3,59,157,138,21,28,9,0,4,18,2,1,17,37,.203,.299,.355,.654,80,.296,86,49,odorro01"
"634,Mark Mathias,-0.3,27,72,62,6,14,2,0,0,6,3,0,10,15,.226,.333,.258,.591,65,.312,85,16,mathima01"
"635,Tyler Wade*,-0.3,26,55,51,8,13,1,1,0,2,4,0,4,13,.255,.309,.314,.623,77,.288,75,16,wadety01"
"636,Seby Zavala,-0.3,73,193,175,17,30,4,0,7,18,1,0,12,70,.171,.230,.314,.545,48,.244,42,55,zavalse01"
"637,Michael Siani*,-0.3,8,6,5,1,0,0,0,0,0,1,1,1,1,.000,.167,.000,.167,-49,.072,-44,0,sianimi01"
"638,Jace Peterson*,-0.3,133,430,374,35,79,10,4,6,37,15,2,47,101,.211,.304,.307,.611,73,.282,75,115,peterja01"
"639,Coco Montes,-0.3,18,41,38,3,7,2,0,1,3,0,0,2,12,.184,.244,.316,.560,45,.246,32,12,monteco01"
"640,Nelson Cruz,-0.3,49,152,143,9,35,5,1,5,23,1,0,6,46,.245,.283,.399,.681,86,.297,85,57,cruzne02"
"641,Edwin Ríos*,-0.3,18,34,28,3,2,1,0,1,2,0,0,5,16,.071,.235,.214,.450,26,.219,21,6,riosed01"
"642,Ehire Adrianza#,-0.3,5,11,10,0,0,0,0,0,0,0,0,1,4,.000,.091,.000,.091,-72,.064,-89,0,adriaeh01"
"643,Clint Frazier,-0.3,33,76,66,10,13,1,1,0,3,4,2,10,23,.197,.303,.242,.545,54,.255,52,16,frazicl01"
"644,Kyle Stowers*,-0.3,14,33,30,1,2,0,0,0,0,0,0,3,12,.067,.152,.067,.218,-35,.117,-40,2,stoweky01"
"645,Luke Williams,-0.3,11,19,19,1,1,0,0,0,0,4,0,0,7,.053,.053,.053,.105,-71,.092,-103,1,willilu01"
"646,Reese McGuire*,-0.3,72,206,187,15,50,12,1,1,16,2,1,11,53,.267,.310,.358,.668,80,.295,76,67,mcguire01"
"647,Derek Hill,-0.3,13,50,47,3,8,1,0,0,1,1,0,3,11,.170,.220,.191,.411,17,.209,18,9,hillde01"
"648,Bligh Madris*,-0.3,12,30,26,4,4,1,0,0,0,0,0,4,7,.154,.267,.192,.459,31,.223,31,5,madribl01"
"649,Tyler Naquin*,-0.3,5,8,8,0,0,0,0,0,0,0,0,0,7,.000,.000,.000,.000,-100,.000,-131,0,naquity01"
"650,Bryan De La Cruz,-0.3,153,626,579,60,149,32,0,19,78,4,1,40,142,.257,.304,.411,.715,88,.315,91,238,delacbr01"
"651,Christian Vázquez,-0.3,102,355,327,34,73,13,0,6,32,1,0,25,82,.223,.280,.318,.598,64,.264,59,104,vazquch01"
"652,Jonathan Araúz#,-0.3,27,66,59,3,8,0,0,3,9,0,0,5,18,.136,.203,.288,.491,34,.217,24,17,arauzjo01"
"653,Dane Myers,-0.3,22,70,67,9,18,3,0,1,9,1,1,2,19,.269,.286,.358,.644,70,.271,64,24,myersda01"
"654,Chris Owings,-0.3,10,25,25,0,4,0,0,0,0,0,0,0,12,.160,.160,.160,.320,-12,.140,-31,4,owingch01"
"655,Heliot Ramos,-0.3,25,60,56,5,10,4,0,1,2,0,0,4,20,.179,.233,.304,.537,48,.250,51,17,ramoshe02"
"656,Jackie Bradley Jr.*,-0.3,43,113,105,10,14,5,0,1,6,0,0,5,29,.133,.188,.210,.397,9,.188,5,22,bradlja02"
"657,Trey Cabbage*,-0.3,22,56,53,5,11,3,0,1,7,1,1,2,26,.208,.232,.321,.553,49,.233,38,17,cabbatr01"
"658,Abraham Almonte#,-0.3,8,16,15,1,1,1,0,0,0,0,0,1,8,.067,.125,.133,.258,-28,.121,-43,2,almonab01"
"659,Adam Engel,-0.3,5,6,6,0,0,0,0,0,0,0,1,0,2,.000,.000,.000,.000,-100,-0.084,-125,0,engelad01"
"660,MJ Melendez*,-0.4,148,602,533,65,125,29,5,16,56,6,4,62,170,.235,.316,.398,.713,94,.315,97,212,melenmj01"
"661,Taylor Trammell*,-0.4,22,56,46,7,6,0,0,3,11,0,1,9,22,.130,.286,.326,.612,75,.268,75,15,trammta01"
"662,Bubba Thompson,-0.4,37,60,53,10,9,4,1,0,4,4,2,4,16,.170,.237,.283,.520,44,.226,29,15,thompbu01"
"663,Ji Hwan Bae*,-0.4,111,371,334,54,77,17,2,2,32,24,9,30,92,.231,.296,.311,.608,66,.276,64,104,baeji01"
"664,Jiman Choi*,-0.4,39,117,104,12,17,5,0,6,13,0,0,10,35,.163,.239,.385,.624,67,.266,61,40,choiji01"
"665,Romy González,-0.4,44,97,93,11,18,4,2,3,14,7,0,2,36,.194,.208,.376,.585,56,.261,43,35,gonzaro01"
"666,Jason Vosler*,-0.4,20,65,62,6,10,2,1,3,10,0,0,3,25,.161,.200,.371,.571,48,.241,37,23,vosleja01"
"667,Ryan Kreidler,-0.4,11,18,18,2,2,0,0,0,0,0,0,0,7,.111,.111,.111,.222,-38,.094,-62,2,kreidry01"
"668,Matt Mervis*,-0.4,27,99,90,8,15,2,0,3,11,0,0,8,32,.167,.242,.289,.531,46,.249,42,26,mervima01"
"669,Cooper Hummel#,-0.4,10,26,23,2,2,1,0,0,0,1,0,2,9,.087,.192,.130,.323,-5,.172,-6,3,hummeco01"
"670,Miguel Cabrera,-0.4,98,370,334,21,86,20,0,4,34,0,0,31,74,.257,.322,.353,.675,87,.308,90,118,cabremi01"
"671,Irving López*,-0.4,5,12,11,0,0,0,0,0,1,0,0,0,5,.000,.000,.000,.000,-100,.000,-131,0,lopezir01"
"672,Mike Brosseau,-0.4,29,78,73,4,15,2,0,4,8,0,0,4,20,.205,.256,.397,.654,75,.278,68,29,brossmi01"
"673,Luis Matos,-0.4,76,253,228,24,57,13,1,2,14,3,0,20,33,.250,.319,.342,.661,85,.308,89,78,matoslu02"
"674,Yonathan Daza,-0.4,24,80,74,8,20,6,0,0,7,1,0,3,13,.270,.304,.351,.655,71,.286,57,26,dazayo01"
"675,David Villar,-0.4,46,140,124,15,18,6,0,5,12,1,1,11,45,.145,.236,.315,.550,52,.249,51,39,villada01"
"676,Vidal Bruján#,-0.4,37,84,76,14,13,2,0,0,6,3,2,5,21,.171,.241,.197,.438,24,.210,26,15,brujavi01"
"677,Jonathan Schoop,-0.4,55,151,136,15,29,8,0,0,7,0,0,13,37,.213,.278,.272,.550,54,.245,45,37,schoojo01"
"678,Luken Baker,-0.4,33,99,86,9,18,3,0,2,10,0,0,13,31,.209,.313,.314,.627,72,.295,79,27,bakerlu01"
"679,Joey Bart,-0.4,30,95,87,9,18,5,0,0,5,0,0,3,23,.207,.263,.264,.528,48,.237,41,23,bartjo01"
"680,Jonah Bride,-0.4,40,106,88,9,15,3,0,0,7,0,1,11,22,.170,.286,.205,.490,43,.232,49,18,bridejo01"
"681,Brian Serven,-0.4,11,23,23,0,3,1,0,0,1,0,0,0,10,.130,.130,.174,.304,-21,.132,-49,4,servebr01"
"682,Kevin Newman,-0.4,74,253,225,28,57,16,0,3,28,8,1,17,34,.253,.311,.364,.675,80,.307,80,82,newmake01"
"683,Jorge Alfaro,-0.4,18,52,48,2,7,4,0,1,4,0,0,2,15,.146,.212,.292,.503,31,.222,19,14,alfarjo01"
"684,Paul DeJong,-0.5,112,400,372,41,77,13,0,14,38,4,4,21,121,.207,.258,.355,.612,66,.264,60,132,dejonpa01"
"685,Michael Busch*,-0.5,27,81,72,9,12,3,0,2,7,1,0,8,27,.167,.247,.292,.539,46,.244,38,21,buschmi02"
"686,Franmil Reyes,-0.5,19,65,59,5,11,0,0,2,7,0,0,4,24,.186,.231,.288,.519,41,.226,32,17,reyesfr01"
"687,Casey Schmitt,-0.5,90,277,253,28,52,15,0,5,30,2,1,13,65,.206,.255,.324,.580,60,.256,55,82,schmica01"
"688,Rodolfo Castro#,-0.5,92,256,227,21,48,7,0,6,24,1,4,23,74,.211,.297,.322,.618,69,.278,73,73,castrro01"
"689,Lawrence Butler*,-0.5,42,129,123,10,26,4,0,4,10,0,0,4,35,.211,.240,.341,.582,62,.256,64,42,butlela01"
"690,Yuli Gurriel,-0.5,108,329,298,32,73,16,3,4,27,4,0,26,44,.245,.304,.359,.663,76,.293,74,107,gourryu01"
"691,Austin Nola,-0.5,52,154,130,9,19,3,0,1,8,0,0,18,31,.146,.260,.192,.452,28,.225,33,25,nolaau01"
"692,Mike Zunino,-0.5,42,140,124,11,22,7,0,3,11,0,0,15,61,.177,.271,.306,.578,60,.258,60,38,zuninmi01"
"693,Eric Hosmer*,-0.5,31,100,94,7,22,3,0,2,14,0,0,6,25,.234,.280,.330,.610,68,.268,56,31,hosmeer01"
"694,Jon Singleton*,-0.5,36,105,91,11,15,3,0,2,12,0,0,13,23,.165,.267,.264,.530,48,.252,51,24,singljo02"
"695,C.J. Cron,-0.5,71,278,258,38,64,12,0,12,37,0,0,17,65,.248,.295,.434,.729,89,.315,83,112,croncj01"
"696,Jose Barrero,-0.5,46,149,133,15,29,8,0,2,17,3,2,15,44,.218,.295,.323,.619,66,.273,61,43,garcijo02"
"697,Terrin Vavra*,-0.5,27,56,49,9,12,0,0,0,5,1,0,5,12,.245,.315,.245,.560,62,.280,72,12,vavrate01"
"698,Andrew Velazquez#,-0.5,54,94,81,12,14,3,0,2,3,13,3,10,30,.173,.264,.284,.548,50,.262,42,23,velazan01"
"699,Sandy León#,-0.5,21,44,41,4,6,2,0,0,4,0,0,1,20,.146,.186,.195,.381,6,.173,-11,8,leonsa01"
"700,Liover Peguero,-0.5,59,213,198,21,47,4,1,7,26,6,2,11,67,.237,.280,.374,.653,75,.282,69,74,pegueli01"
"701,Avisaíl García,-0.5,37,118,108,8,20,3,1,3,12,2,0,6,39,.185,.241,.315,.556,47,.244,37,34,garciav01"
"702,Hunter Goodman,-0.5,23,77,70,6,14,4,3,1,17,1,0,5,24,.200,.247,.386,.632,62,.268,45,27,goodmhu01"
"703,Kyle Lewis,-0.5,16,54,51,2,8,2,0,1,2,0,0,3,21,.157,.204,.255,.459,24,.201,12,13,lewisky01"
"704,Jesús Aguilar,-0.6,36,115,104,8,23,2,0,5,9,0,0,8,31,.221,.281,.385,.665,86,.281,81,40,aguilje01"
"705,Tyler Nevin,-0.6,41,111,95,11,19,3,1,2,10,0,1,12,25,.200,.306,.316,.622,73,.283,75,30,nevinty01"
"706,Masyn Winn,-0.6,37,137,122,8,21,2,0,2,12,2,1,10,26,.172,.230,.238,.467,28,.224,28,29,winnma01"
"707,Hunter Renfroe,-0.6,140,548,498,60,116,31,0,20,60,0,0,44,125,.233,.297,.416,.713,92,.311,90,207,renfrhu01"
"708,Nate Eaton,-0.6,28,56,53,2,4,0,0,0,1,3,0,2,21,.075,.125,.075,.200,-43,.128,-46,4,eatonna01"
"709,Tucker Barnhart*,-0.6,43,123,109,6,22,3,0,1,9,1,0,12,42,.202,.285,.257,.541,52,.252,43,28,barnhtu01"
"710,Taylor Motter,-0.6,29,82,76,3,13,3,0,0,2,0,0,5,31,.171,.232,.211,.442,22,.204,14,16,motteta01"
"711,Jacob Stallings,-0.6,88,276,241,22,46,14,0,3,20,0,0,27,67,.191,.278,.286,.565,51,.259,51,69,stallja01"
"712,Everson Pereira,-0.6,27,103,93,6,14,4,0,0,10,4,0,8,40,.151,.233,.194,.427,20,.211,14,18,pereiev01"
"713,Josh Harrison,-0.6,40,114,103,8,21,3,0,2,10,0,0,3,20,.204,.263,.291,.554,52,.256,53,30,harrijo05"
"714,Rowdy Tellez*,-0.6,105,351,311,26,67,9,1,13,47,0,0,35,86,.215,.291,.376,.667,81,.294,79,117,tellero01"
"715,Wil Myers,-0.6,37,141,127,11,24,3,0,3,12,2,1,12,48,.189,.257,.283,.541,45,.243,38,36,myerswi01"
"716,Alec Burleson*,-0.6,107,347,315,34,77,20,1,8,36,3,1,23,45,.244,.300,.390,.691,87,.302,84,123,burleal01"
"717,Corey Dickerson*,-0.6,50,152,144,12,36,7,1,2,17,0,1,7,28,.250,.283,.354,.637,76,.279,73,51,dickeco01"
"718,Darick Hall*,-0.6,18,56,54,2,9,1,0,1,3,0,0,2,18,.167,.196,.241,.437,19,.195,9,13,hallda02"
"719,Korey Lee,-0.7,24,70,65,4,5,1,0,1,3,0,0,5,20,.077,.143,.138,.281,-22,.147,-26,9,leeko01"
"720,Oswald Peraza,-0.7,52,191,173,15,33,8,0,2,14,4,3,13,50,.191,.267,.272,.539,49,.244,47,47,perazos02"
"721,Yasmani Grandal#,-0.7,118,405,363,33,85,14,0,8,33,0,0,36,86,.234,.309,.339,.647,79,.294,79,123,grandya01"
"722,David Hensley,-0.7,30,94,84,12,10,1,0,1,3,1,0,10,35,.119,.213,.167,.379,8,.205,17,14,henslda01"
"723,Jesse Winker*,-0.7,61,197,166,16,33,5,0,1,23,0,0,26,51,.199,.320,.247,.567,59,.275,66,41,winkeje01"
"724,Trayce Thompson,-0.7,72,179,153,17,25,2,0,6,17,2,0,24,77,.163,.285,.294,.579,60,.272,60,45,thomptr01"
"725,Jordyn Adams,-0.7,17,40,39,1,5,0,0,0,1,1,2,0,16,.128,.125,.128,.253,-30,.135,-21,5,adamsjo03"
"726,Vaughn Grissom,-0.7,23,80,75,5,21,3,1,0,9,0,1,2,15,.280,.313,.347,.659,79,.285,73,26,grissva01"
"727,Juan Yepez,-0.7,28,65,60,5,11,1,0,2,2,0,1,4,20,.183,.246,.300,.546,48,.235,43,18,yepezju01"
"728,AJ Pollock,-0.8,54,144,133,15,22,4,0,5,15,0,1,9,32,.165,.215,.308,.524,47,.233,46,41,polloaj01"
"729,Colton Cowser*,-0.8,26,77,61,15,7,2,0,0,4,1,0,13,22,.115,.286,.148,.433,28,.240,46,9,cowseco01"
"730,Tomás Nido,-0.8,22,61,56,5,7,0,0,0,1,0,0,2,18,.125,.153,.125,.278,-21,.127,-43,7,nidoto01"
"731,Giancarlo Stanton,-0.8,101,415,371,43,71,13,0,24,60,0,0,41,124,.191,.275,.420,.695,87,.299,84,156,stantmi03"
"732,Brett Baty*,-0.8,108,389,353,41,75,12,0,9,34,2,0,29,109,.212,.275,.323,.598,66,.275,66,114,batybr01"
"733,Lenyn Sosa,-0.8,52,173,164,12,33,6,0,6,14,0,1,5,40,.201,.224,.348,.571,54,.247,47,57,sosale01"
"734,Starling Marte,-0.8,86,341,315,38,78,7,1,5,28,24,4,16,69,.248,.301,.324,.625,74,.290,71,102,martest01"
"735,Pavin Smith*,-0.8,69,228,191,26,36,5,0,7,30,1,1,35,45,.188,.317,.325,.642,76,.296,81,62,smithpa04"
"736,Danny Mendick,-0.9,33,69,65,4,12,3,0,1,4,1,0,4,15,.185,.232,.277,.509,41,.226,30,18,mendida01"
"737,Aledmys Díaz,-0.9,109,344,315,25,72,20,1,4,24,1,0,17,66,.229,.280,.337,.616,74,.269,72,106,diazal02"
"738,Eric Haase,-0.9,89,293,274,22,55,8,1,4,26,4,1,17,81,.201,.247,.281,.528,46,.242,42,77,haaseer01"
"739,Jared Walsh*,-0.9,39,116,104,10,13,4,0,4,11,0,0,11,45,.125,.216,.279,.494,34,.221,26,29,walshja01"
"740,Kolten Wong*,-0.9,87,250,224,25,41,6,0,4,27,3,2,18,53,.183,.256,.263,.519,48,.233,44,59,wongko01"
"741,Jake Bauers*,-0.9,84,272,242,28,49,15,0,12,30,3,2,27,95,.202,.279,.413,.693,87,.301,86,100,bauerja01"
"742,Kris Bryant,-1.0,80,335,300,36,70,10,0,10,31,0,0,29,68,.233,.313,.367,.680,77,.318,83,110,bryankr01"
"743,Tony Kemp*,-1.0,124,419,359,42,75,13,3,5,27,15,4,44,40,.209,.303,.304,.607,73,.280,78,109,kempto01"
"744,Mark Vientos,-1.1,65,233,218,19,46,5,1,9,22,1,0,10,71,.211,.253,.367,.620,69,.273,65,80,vientma01"
"745,Tyler Soderstrom*,-1.1,45,138,125,9,20,1,0,3,7,0,0,11,43,.160,.232,.240,.472,34,.215,34,30,soderty01"
"746,Austin Hedges,-1.1,81,212,185,14,34,5,0,1,16,1,0,11,47,.184,.234,.227,.461,27,.215,17,42,hedgeau01"
"747,Cam Gallagher,-1.1,56,149,143,6,18,6,0,0,7,0,0,4,46,.126,.154,.168,.322,-11,.143,-23,24,gallaca01"
"748,Jordan Diaz,-1.1,90,293,272,20,60,9,0,10,27,0,1,17,69,.221,.273,.364,.637,78,.279,82,99,diazjo03"
"749,Eduardo Escobar#,-1.1,99,309,288,32,65,6,5,6,31,2,1,18,78,.226,.269,.344,.613,67,.274,65,99,escobed01"
"750,Austin Barnes,-1.1,59,200,178,15,32,5,0,2,11,2,1,17,43,.180,.256,.242,.498,37,.232,31,43,barneau01"
"751,Nick Pratto*,-1.3,95,345,306,33,71,16,0,7,35,1,1,29,138,.232,.307,.353,.660,80,.291,80,108,prattni01"
"752,Brandon Crawford*,-1.3,93,320,283,31,55,11,1,7,38,3,0,28,81,.194,.273,.314,.587,63,.265,60,89,crawfbr01"
"753,Jurickson Profar#,-1.3,125,521,459,55,111,27,2,9,46,1,0,50,90,.242,.321,.368,.689,81,.307,77,169,profaju01"
"754,Oscar González,-1.4,54,180,173,15,37,7,2,2,12,0,0,5,46,.214,.239,.312,.551,51,.250,54,54,gonzaos01"
"755,Trey Mancini,-1.4,79,263,235,31,55,12,0,4,28,0,0,21,78,.234,.299,.336,.635,75,.281,65,79,mancitr01"
"756,Henry Davis,-1.4,62,255,225,27,48,10,0,7,24,3,5,25,69,.213,.302,.351,.653,77,.283,76,79,davishe01"
"757,Harold Castro*,-1.4,99,270,258,24,65,13,0,1,31,1,0,9,66,.252,.275,.314,.589,54,.266,46,81,castrha01"
"758,Oswaldo Cabrera#,-1.5,115,330,298,35,63,11,0,5,29,8,0,25,72,.211,.275,.299,.574,58,.259,50,89,cabreos01"
"759,Nick Maton*,-1.5,93,293,249,29,43,9,0,8,32,1,2,38,73,.173,.288,.305,.593,65,.267,63,76,matonni01"
"760,Michael Toglia#,-1.5,45,152,141,18,23,5,0,4,9,1,1,10,50,.163,.224,.284,.507,31,.230,22,40,toglimi01"
"761,Oscar Colás*,-1.5,75,263,245,32,53,9,0,5,19,4,3,12,71,.216,.257,.314,.571,57,.247,47,77,colasos01"
"762,Gavin Sheets*,-1.5,118,344,311,24,63,10,0,10,43,1,0,28,66,.203,.267,.331,.599,64,.267,59,103,sheetga01"
"763,Jean Segura,-1.9,85,326,301,25,66,5,2,3,21,6,2,22,47,.219,.277,.279,.556,49,.251,45,84,segurje01"
"764,Tim Anderson,-2.0,123,524,493,52,121,18,2,1,25,13,2,26,122,.245,.286,.296,.582,62,.263,54,146,anderti01"
"765,Diego Castillo,,1,1,1,0,0,0,0,0,0,0,0,0,0,.000,.000,.000,.000,-100,.000,-125,0,castidi02"
",League Average,,,,,,,,,,,,,,,.248,.320,.414,.734,100,.324,100,,-9999"


"Provided by <a href=""https://www.sports-reference.com/sharing.html?utm_source=direct&utm_medium=Share&utm_campaign=ShareTool"">Baseball-Reference.com</a>: <a href=""https://www.baseball-reference.com/leagues/majors/2023-standard-batting.shtml?sr&utm_source=direct&utm_medium=Share&utm_campaign=ShareTool#players_standard_batting"">View Original Table</a><br>Generated 10/22/2024."